-- --------------------------------------------------------
-- Host:                         146.190.90.21
-- Server version:               8.0.35-0ubuntu0.22.04.1 - (Ubuntu)
-- Server OS:                    Linux
-- HeidiSQL Version:             12.5.0.6677
-- --------------------------------------------------------

/*!40101 SET @OLD_CHARACTER_SET_CLIENT=@@CHARACTER_SET_CLIENT */;
/*!40101 SET NAMES utf8 */;
/*!50503 SET NAMES utf8mb4 */;
/*!40103 SET @OLD_TIME_ZONE=@@TIME_ZONE */;
/*!40103 SET TIME_ZONE='+00:00' */;
/*!40014 SET @OLD_FOREIGN_KEY_CHECKS=@@FOREIGN_KEY_CHECKS, FOREIGN_KEY_CHECKS=0 */;
/*!40101 SET @OLD_SQL_MODE=@@SQL_MODE, SQL_MODE='NO_AUTO_VALUE_ON_ZERO' */;
/*!40111 SET @OLD_SQL_NOTES=@@SQL_NOTES, SQL_NOTES=0 */;

-- Dumping structure for table app1.mirrel.com.account
CREATE TABLE IF NOT EXISTS `account` (
  `id` varchar(50) NOT NULL DEFAULT '',
  `email` varchar(250) NOT NULL,
  `plansId` int NOT NULL DEFAULT '1',
  `username` varchar(250) NOT NULL,
  `googleSub` varchar(250) NOT NULL,
  `facebookSub` varchar(250) NOT NULL,
  `inviteLink` varchar(250) NOT NULL,
  `name` varchar(250) NOT NULL,
  `password` varchar(250) NOT NULL,
  `imgPath` varchar(250) NOT NULL,
  `picture` varchar(250) NOT NULL,
  `meansurment_id` varchar(20) NOT NULL,
  `description` varchar(250) CHARACTER SET utf8mb3 COLLATE utf8mb3_bin NOT NULL,
  `party` varchar(250) NOT NULL,
  `presence` int NOT NULL DEFAULT '1',
  `status` int NOT NULL DEFAULT '1',
  `input_date` datetime NOT NULL DEFAULT '2022-01-01 00:00:00',
  `update_date` datetime NOT NULL DEFAULT '2022-01-01 00:00:00',
  PRIMARY KEY (`id`),
  UNIQUE KEY `email` (`email`)
) ENGINE=InnoDB DEFAULT CHARSET=latin1;

-- Dumping data for table app1.mirrel.com.account: ~3 rows (approximately)
INSERT INTO `account` (`id`, `email`, `plansId`, `username`, `googleSub`, `facebookSub`, `inviteLink`, `name`, `password`, `imgPath`, `picture`, `meansurment_id`, `description`, `party`, `presence`, `status`, `input_date`, `update_date`) VALUES
	('231020.000013', 'felix.renaldi@gmail.com', 1, '', '101221617854665478148', '', '', 'Felix Reynave', '', './uploads/picture/', 'ACg8ocITtiYfykOWRszBec88U_lH1gMehp6hLilM6SP9DNvJZoc=s96-c.jpg', '', '', '', 1, 1, '2023-10-20 08:45:14', '2022-01-01 00:00:00'),
	('231025.000014', 'nadia.mirrel@gmail.com', 1, '', '102474108724865429589', '', '', 'Nadia Sabrina', '', './uploads/picture/', 'ACg8ocKuVDkjZNmtYrBfZeZGARxP78Jc78Yns6QBE3c4T5PmiFo=s96-c.jpg', '', '', '', 1, 1, '2023-10-25 05:05:34', '2022-01-01 00:00:00'),
	('231031.000015', 'edo.suhendra@gmail.com', 1, '', '108879424778024145721', '', '', 'edo suhendra', '', './uploads/picture/', 'ACg8ocI-z9kHyGrdWDOj_bJAdFNZCliYW2UMQmmYenCA1OeD=s96-c.jpg', '', '', '', 1, 1, '2023-10-31 05:54:00', '2022-01-01 00:00:00');

-- Dumping structure for table app1.mirrel.com.account_achievement
CREATE TABLE IF NOT EXISTS `account_achievement` (
  `id` int NOT NULL AUTO_INCREMENT,
  `accountId` varchar(50) COLLATE utf8mb4_general_ci NOT NULL DEFAULT '',
  `label` varchar(50) COLLATE utf8mb4_general_ci NOT NULL DEFAULT '',
  `icon` varchar(50) COLLATE utf8mb4_general_ci NOT NULL DEFAULT '',
  `link` varchar(50) CHARACTER SET utf8mb3 COLLATE utf8mb3_bin NOT NULL DEFAULT '',
  PRIMARY KEY (`id`) USING BTREE
) ENGINE=InnoDB DEFAULT CHARSET=utf8mb4 COLLATE=utf8mb4_general_ci;

-- Dumping data for table app1.mirrel.com.account_achievement: ~0 rows (approximately)

-- Dumping structure for table app1.mirrel.com.account_bookmark
CREATE TABLE IF NOT EXISTS `account_bookmark` (
  `id` int NOT NULL AUTO_INCREMENT,
  `accountId` varchar(50) CHARACTER SET utf8mb3 COLLATE utf8mb3_bin NOT NULL,
  `journalId` varchar(50) CHARACTER SET utf8mb3 COLLATE utf8mb3_bin NOT NULL,
  `presence` int NOT NULL DEFAULT '1',
  `input_date` datetime NOT NULL DEFAULT '2023-01-01 00:00:00',
  `update_date` datetime NOT NULL DEFAULT '2023-01-01 00:00:00',
  PRIMARY KEY (`id`) USING BTREE
) ENGINE=InnoDB AUTO_INCREMENT=3 DEFAULT CHARSET=utf8mb4 COLLATE=utf8mb4_general_ci;

-- Dumping data for table app1.mirrel.com.account_bookmark: ~0 rows (approximately)

-- Dumping structure for table app1.mirrel.com.account_login
CREATE TABLE IF NOT EXISTS `account_login` (
  `id` int NOT NULL AUTO_INCREMENT,
  `accountId` varchar(50) NOT NULL DEFAULT '',
  `jti` varchar(50) DEFAULT NULL,
  `iss` varchar(50) DEFAULT NULL,
  `expDate` datetime DEFAULT NULL,
  `getUserAgent` varchar(250) NOT NULL DEFAULT '',
  `ip` varchar(50) NOT NULL DEFAULT '',
  `input_date` datetime DEFAULT NULL,
  PRIMARY KEY (`id`)
) ENGINE=InnoDB AUTO_INCREMENT=82 DEFAULT CHARSET=latin1;

-- Dumping data for table app1.mirrel.com.account_login: ~6 rows (approximately)
INSERT INTO `account_login` (`id`, `accountId`, `jti`, `iss`, `expDate`, `getUserAgent`, `ip`, `input_date`) VALUES
	(76, '231020.000013', '1fa1b27da5da418bfb8f10bb15968bb765ced50e', 'https://accounts.google.com', '2023-11-19 08:45:14', 'Mozilla/5.0 (Windows NT 10.0; Win64; x64) AppleWebKit/537.36 (KHTML, like Gecko) Chrome/118.0.0.0 Safari/537.36', '108.162.226.6', '2023-10-20 08:45:14'),
	(77, '231025.000014', '17372b43b8326101ce10d8a4c52f6265198daf07', 'https://accounts.google.com', '2023-11-24 05:05:34', 'Mozilla/5.0 (Linux; Android 10; K) AppleWebKit/537.36 (KHTML, like Gecko) Chrome/118.0.0.0 Safari/537.36', '162.158.189.85', '2023-10-25 05:05:34'),
	(78, '231031.000015', '68c21457a2d5572164752a9dc6139e62a61e5fe6', 'https://accounts.google.com', '2023-11-30 05:54:00', 'Mozilla/5.0 (Windows NT 10.0; Win64; x64; rv:109.0) Gecko/20100101 Firefox/119.0', '162.158.107.84', '2023-10-31 05:54:00'),
	(79, '231020.000013', 'ed5a5fd4e4d29abf816e8b3da80293663aed97ec', 'https://accounts.google.com', '2023-12-03 17:47:22', 'Mozilla/5.0 (Windows NT 10.0; Win64; x64) AppleWebKit/537.36 (KHTML, like Gecko) Chrome/118.0.0.0 Safari/537.36', '162.158.189.230', '2023-11-03 17:47:22'),
	(80, '231020.000013', '4ab070ac7fc609fbdfba481881be88bb471ae2e5', 'https://accounts.google.com', '2023-12-04 05:37:34', 'Mozilla/5.0 (Windows NT 10.0; Win64; x64) AppleWebKit/537.36 (KHTML, like Gecko) Chrome/118.0.0.0 Safari/537.36', '172.70.143.135', '2023-11-04 05:37:34'),
	(81, '231020.000013', '98781e9e043ffb60dfdc161a8cf2984df234ee91', 'https://accounts.google.com', '2023-12-09 07:18:35', 'Mozilla/5.0 (Windows NT 10.0; Win64; x64) AppleWebKit/537.36 (KHTML, like Gecko) Chrome/119.0.0.0 Safari/537.36', '172.70.143.16', '2023-11-09 07:18:35');

-- Dumping structure for table app1.mirrel.com.account_sosmed
CREATE TABLE IF NOT EXISTS `account_sosmed` (
  `id` int NOT NULL AUTO_INCREMENT,
  `accountId` varchar(50) COLLATE utf8mb4_general_ci NOT NULL DEFAULT '',
  `label` varchar(50) COLLATE utf8mb4_general_ci NOT NULL DEFAULT '',
  `icon` varchar(50) COLLATE utf8mb4_general_ci NOT NULL DEFAULT '',
  `link` varchar(50) CHARACTER SET utf8mb3 COLLATE utf8mb3_bin NOT NULL DEFAULT '',
  PRIMARY KEY (`id`)
) ENGINE=InnoDB DEFAULT CHARSET=utf8mb4 COLLATE=utf8mb4_general_ci;

-- Dumping data for table app1.mirrel.com.account_sosmed: ~0 rows (approximately)

-- Dumping structure for table app1.mirrel.com.account_team
CREATE TABLE IF NOT EXISTS `account_team` (
  `id` int NOT NULL AUTO_INCREMENT,
  `accountId` varchar(50) COLLATE utf8mb4_general_ci NOT NULL,
  `invitedId` varchar(50) COLLATE utf8mb4_general_ci NOT NULL,
  `presence` int NOT NULL DEFAULT '1',
  `status` int NOT NULL DEFAULT '1',
  `input_date` datetime NOT NULL DEFAULT '2023-01-01 00:00:00',
  `input_by` varchar(50) COLLATE utf8mb4_general_ci NOT NULL,
  `update_date` datetime NOT NULL DEFAULT '2023-01-01 00:00:00',
  `update_by` varchar(50) COLLATE utf8mb4_general_ci NOT NULL,
  PRIMARY KEY (`id`) USING BTREE
) ENGINE=InnoDB AUTO_INCREMENT=5 DEFAULT CHARSET=utf8mb4 COLLATE=utf8mb4_general_ci;

-- Dumping data for table app1.mirrel.com.account_team: ~0 rows (approximately)

-- Dumping structure for table app1.mirrel.com.account_token
CREATE TABLE IF NOT EXISTS `account_token` (
  `id` varchar(50) COLLATE utf8mb4_general_ci NOT NULL,
  `accountId` varchar(50) COLLATE utf8mb4_general_ci DEFAULT NULL,
  `token` text COLLATE utf8mb4_general_ci,
  PRIMARY KEY (`id`)
) ENGINE=InnoDB DEFAULT CHARSET=utf8mb4 COLLATE=utf8mb4_general_ci;

-- Dumping data for table app1.mirrel.com.account_token: ~1 rows (approximately)
INSERT INTO `account_token` (`id`, `accountId`, `token`) VALUES
	('6545322a90248', '231020.000013', 'eyJ0eXAiOiJKV1QiLCJhbGciOiJIUzI1NiJ9.eyJpc3MiOiJodHRwczovL2FjY291bnRzLmdvb2dsZS5jb20iLCJhenAiOiI0ODA3ODU2NDAyODItcHJpNHJ0M2J0YnY3Z3R2MGY2OHIwYW9qOTZ2NDQ1NTkuYXBwcy5nb29nbGV1c2VyY29udGVudC5jb20iLCJhdWQiOiI0ODA3ODU2NDAyODItcHJpNHJ0M2J0YnY3Z3R2MGY2OHIwYW9qOTZ2NDQ1NTkuYXBwcy5nb29nbGV1c2VyY29udGVudC5jb20iLCJzdWIiOiIxMDEyMjE2MTc4NTQ2NjU0NzgxNDgiLCJlbWFpbCI6ImZlbGl4LnJlbmFsZGlAZ21haWwuY29tIiwiZW1haWxfdmVyaWZpZWQiOnRydWUsIm5iZiI6MTY5OTAzMzM0MiwibmFtZSI6IkZlbGl4IFJleW5hdmUiLCJwaWN0dXJlIjoiaHR0cHM6Ly9saDMuZ29vZ2xldXNlcmNvbnRlbnQuY29tL2EvQUNnOG9jSVR0aVlmeWtPV1JzekJlYzg4VV9sSDFnTWVocDZoTGlsTTZTUDlETnZKWm9jPXM5Ni1jIiwiZ2l2ZW5fbmFtZSI6IkZlbGl4IiwiZmFtaWx5X25hbWUiOiJSZXluYXZlIiwibG9jYWxlIjoiZW4iLCJpYXQiOjE2OTkwMzM2NDIsImV4cCI6MTcwMTYyNTY0MiwianRpIjoiZWQ1YTVmZDRlNGQyOWFiZjgxNmU4YjNkYTgwMjkzNjYzYWVkOTdlYyIsImFjY291bnQiOnsiaWQiOiIyMzEwMjAuMDAwMDEzIiwiZW1haWwiOiJmZWxpeC5yZW5hbGRpQGdtYWlsLmNvbSIsIm5hbWUiOiJGZWxpeCBSZXluYXZlIiwicGljdHVyZSI6IkFDZzhvY0lUdGlZZnlrT1dSc3pCZWM4OFVfbEgxZ01laHA2aExpbE02U1A5RE52SlpvYz1zOTYtYy5qcGciLCJpbnZpdGVMaW5rIjoiIiwidXNlcm5hbWUiOiIifX0.5mVzSxHon04V_hK2BWJ-g7zPZLZsC1pf7tjtske1EXY');

-- Dumping structure for table app1.mirrel.com.auto_number
CREATE TABLE IF NOT EXISTS `auto_number` (
  `id` int NOT NULL AUTO_INCREMENT,
  `name` varchar(50) COLLATE utf8mb4_general_ci NOT NULL DEFAULT '',
  `prefix` varchar(50) COLLATE utf8mb4_general_ci NOT NULL DEFAULT '',
  `digit` int NOT NULL DEFAULT '1',
  `runningNumber` int NOT NULL DEFAULT '1',
  `updateDate` datetime NOT NULL DEFAULT '2023-01-01 00:00:00',
  PRIMARY KEY (`id`) USING BTREE
) ENGINE=InnoDB AUTO_INCREMENT=12 DEFAULT CHARSET=utf8mb4 COLLATE=utf8mb4_general_ci;

-- Dumping data for table app1.mirrel.com.auto_number: ~3 rows (approximately)
INSERT INTO `auto_number` (`id`, `name`, `prefix`, `digit`, `runningNumber`, `updateDate`) VALUES
	(1, 'account', '', 6, 15, '0000-00-00 00:00:00'),
	(10, 'backtest', 'J23', 6, 141, '0000-00-00 00:00:00'),
	(11, 'book', 'B23', 4, 20, '0000-00-00 00:00:00');

-- Dumping structure for table app1.mirrel.com.book
CREATE TABLE IF NOT EXISTS `book` (
  `id` varchar(50) NOT NULL DEFAULT '',
  `accountId` varchar(50) DEFAULT NULL,
  `name` varchar(50) DEFAULT NULL,
  `ilock` int DEFAULT '0',
  `sorting` int DEFAULT '99',
  `presence` int DEFAULT '1',
  `input_date` datetime DEFAULT '2023-01-01 00:00:00',
  `input_by` varchar(50) DEFAULT NULL,
  `update_date` datetime DEFAULT '2023-01-01 00:00:00',
  `update_by` varchar(50) DEFAULT NULL,
  PRIMARY KEY (`id`)
) ENGINE=InnoDB DEFAULT CHARSET=latin1;

-- Dumping data for table app1.mirrel.com.book: ~4 rows (approximately)
INSERT INTO `book` (`id`, `accountId`, `name`, `ilock`, `sorting`, `presence`, `input_date`, `input_by`, `update_date`, `update_by`) VALUES
	('B230017', '231020.000013', 'UAT 20-10-2023', 0, 1, 1, '2023-10-20 08:45:34', '231020.000013', '2023-01-01 00:00:00', NULL),
	('B230018', '231020.000013', 'Backtest FX Key Level', 0, 2, 1, '2023-10-20 16:29:36', '231020.000013', '2023-11-12 13:18:20', '231020.000013'),
	('B230019', '231008.000007', 'Prepare FTMO', 0, 1, 1, '2023-10-30 14:58:32', '231008.000007', '2023-01-01 00:00:00', NULL),
	('B230020', '231031.000015', 'Project Pasang Rumah', 0, 1, 1, '2023-10-31 05:54:24', '231031.000015', '2023-01-01 00:00:00', NULL);

-- Dumping structure for table app1.mirrel.com.chartjs_type
CREATE TABLE IF NOT EXISTS `chartjs_type` (
  `id` int NOT NULL AUTO_INCREMENT,
  `itype` varchar(50) COLLATE utf8mb4_general_ci NOT NULL,
  `label` varchar(50) COLLATE utf8mb4_general_ci NOT NULL,
  `status` int NOT NULL DEFAULT '1',
  `image` varchar(250) COLLATE utf8mb4_general_ci NOT NULL DEFAULT '',
  `doc` text COLLATE utf8mb4_general_ci NOT NULL,
  `sorting` int NOT NULL DEFAULT '0',
  PRIMARY KEY (`id`)
) ENGINE=InnoDB AUTO_INCREMENT=10 DEFAULT CHARSET=utf8mb4 COLLATE=utf8mb4_general_ci;

-- Dumping data for table app1.mirrel.com.chartjs_type: ~9 rows (approximately)
INSERT INTO `chartjs_type` (`id`, `itype`, `label`, `status`, `image`, `doc`, `sorting`) VALUES
	(1, 'bar', 'Bars', 1, './assets/img/chartjs/bar.jpg', 'https://www.chartjs.org/docs/latest/samples/bar/stacked.html', 1),
	(2, 'bar', 'Stacked Bars', 1, './assets/img/chartjs/stackedBars.jpg', 'https://www.chartjs.org/docs/latest/samples/bar/stacked.html', 2),
	(3, 'line', 'Line', 1, './assets/img/chartjs/line.jpg', 'https://www.chartjs.org/docs/latest/samples/line/line.html', 3),
	(4, 'line', 'Line Filled', 1, './assets/img/chartjs/lineFilled.jpg', '', 4),
	(5, 'line', 'Stepped Line', 1, './assets/img/chartjs/steppedLine.jpg', 'https://www.chartjs.org/docs/latest/samples/line/stepped.html', 5),
	(6, 'radar', 'Radar', 1, './assets/img/chartjs/radar.jpg', 'https://www.chartjs.org/docs/latest/samples/other-charts/radar.html', 6),
	(7, 'pie', 'Pie', 1, './assets/img/chartjs/pie.jpg', 'https://www.chartjs.org/docs/latest/samples/other-charts/pie.html', 7),
	(8, 'pie', 'Polar area', 1, './assets/img/chartjs/polarArea.jpg', '', 8),
	(9, 'scatter', 'Scatter', 1, './assets/img/chartjs/scatter.jpg', 'https://www.chartjs.org/docs/latest/samples/other-charts/scatter.html', 9);

-- Dumping structure for table app1.mirrel.com.color
CREATE TABLE IF NOT EXISTS `color` (
  `id` int NOT NULL AUTO_INCREMENT,
  `color` varchar(50) COLLATE utf8mb4_general_ci NOT NULL,
  PRIMARY KEY (`id`)
) ENGINE=InnoDB AUTO_INCREMENT=503 DEFAULT CHARSET=utf8mb4 COLLATE=utf8mb4_general_ci;

-- Dumping data for table app1.mirrel.com.color: ~21 rows (approximately)
INSERT INTO `color` (`id`, `color`) VALUES
	(1, '#393737'),
	(11, '#818D97'),
	(12, '#8FACC0'),
	(20, '#9400FF'),
	(21, '#974EC3'),
	(22, '#A78295'),
	(101, '#0278AE'),
	(102, '#53CDE2'),
	(103, '#51ADCF'),
	(200, '#0B666A'),
	(201, '#35A29F'),
	(202, '#1B9C85'),
	(300, '#E60965'),
	(301, '#F94892'),
	(302, '#FFA1C9'),
	(304, '#7E1717'),
	(400, '#FFD93D'),
	(410, '#DC8449'),
	(411, '#F1C27B'),
	(500, '#C04A82'),
	(501, '#E55604');

-- Dumping structure for table app1.mirrel.com.journal
CREATE TABLE IF NOT EXISTS `journal` (
  `id` varchar(50) COLLATE utf8mb3_unicode_ci NOT NULL DEFAULT '',
  `accountId` varchar(50) COLLATE utf8mb3_unicode_ci NOT NULL DEFAULT '',
  `templateCode` varchar(20) COLLATE utf8mb3_unicode_ci NOT NULL DEFAULT '1',
  `name` varchar(250) CHARACTER SET utf8mb4 COLLATE utf8mb4_unicode_ci NOT NULL DEFAULT '',
  `url` varchar(250) COLLATE utf8mb3_unicode_ci NOT NULL DEFAULT '',
  `invitedLink` varchar(250) COLLATE utf8mb3_unicode_ci NOT NULL DEFAULT '',
  `permissionId` int NOT NULL DEFAULT '0',
  `startBalance` int NOT NULL DEFAULT '0',
  `borderColor` varchar(50) COLLATE utf8mb3_unicode_ci NOT NULL DEFAULT '',
  `backgroundColor` varchar(50) COLLATE utf8mb3_unicode_ci NOT NULL DEFAULT '',
  `image` varchar(250) COLLATE utf8mb3_unicode_ci NOT NULL DEFAULT '',
  `version` varchar(20) COLLATE utf8mb3_unicode_ci NOT NULL DEFAULT '',
  `presence` int NOT NULL DEFAULT '1',
  `input_date` datetime NOT NULL DEFAULT '2023-01-01 00:00:00',
  `input_by` varchar(50) COLLATE utf8mb3_unicode_ci NOT NULL DEFAULT '',
  `update_date` datetime NOT NULL DEFAULT '2023-01-01 00:00:00',
  `update_by` varchar(50) COLLATE utf8mb3_unicode_ci NOT NULL DEFAULT '',
  PRIMARY KEY (`id`) USING BTREE,
  UNIQUE KEY `url` (`url`)
) ENGINE=InnoDB DEFAULT CHARSET=utf8mb3 COLLATE=utf8mb3_unicode_ci;

-- Dumping data for table app1.mirrel.com.journal: ~6 rows (approximately)
INSERT INTO `journal` (`id`, `accountId`, `templateCode`, `name`, `url`, `invitedLink`, `permissionId`, `startBalance`, `borderColor`, `backgroundColor`, `image`, `version`, `presence`, `input_date`, `input_by`, `update_date`, `update_by`) VALUES
	('J23000136', '231020.000013', 'journalFXTrading', 'Backtest FX 2021', '65354d8839bc5', '', 1, 1000, '', '', 'http://www.mirrel.com/api/uploads/share/books.jpg', '1', 1, '2023-10-22 16:27:52', '231020.000013', '2023-10-22 16:27:52', '231020.000013'),
	('J23000137', '231020.000013', 'journalFXTrading', 'Demo data', '6537767acdfb4', '', 1, 10000, '', '', 'http://www.mirrel.com/api/uploads/share/books.jpg', '1', 1, '2023-10-24 07:47:06', '231020.000013', '2023-10-24 07:47:06', '231020.000013'),
	('J23000138', '231031.000015', 'journalFXTrading', 'Pasang Lantai 1', '654096a6623ab', '', 1, 100, '', '', 'http://www.mirrel.com/api/uploads/share/books.jpg', '1', 1, '2023-10-31 05:54:46', '231031.000015', '2023-10-31 05:54:46', '231031.000015'),
	('J23000139', '231020.000013', 'journalFXTrading', 'NZDUSD', '654534ea36233', '', 1, 10000, '', '', 'http://www.mirrel.com/api/uploads/share/books.jpg', '1', 1, '2023-11-03 17:59:06', '231020.000013', '2023-11-03 17:59:06', '231020.000013'),
	('J23000140', '231020.000013', 'journalFXTrading', 'AUDUSD', '6550d0b7cda1d', '', 1, 10000, '', '', 'http://www.mirrel.com/api/uploads/share/books.jpg', '1', 1, '2023-11-12 13:18:47', '231020.000013', '2023-11-12 13:18:47', '231020.000013'),
	('J23000141', '231020.000013', 'journalFXTrading', 'EURUSD', '6553b5c4211bf', '', 1, 10000, '', '', 'http://www.mirrel.com/api/uploads/share/books.jpg', '1', 1, '2023-11-14 18:00:36', '231020.000013', '2023-11-14 18:00:36', '231020.000013');

-- Dumping structure for table app1.mirrel.com.journal_access
CREATE TABLE IF NOT EXISTS `journal_access` (
  `id` int NOT NULL AUTO_INCREMENT,
  `bookId` varchar(50) COLLATE utf8mb4_general_ci NOT NULL DEFAULT '',
  `accountId` varchar(50) COLLATE utf8mb4_general_ci NOT NULL DEFAULT '',
  `journalId` varchar(50) COLLATE utf8mb4_general_ci NOT NULL DEFAULT '',
  `owner` int NOT NULL DEFAULT '0',
  `star` int NOT NULL DEFAULT '0',
  `editable` int NOT NULL DEFAULT '0',
  `changeable` int NOT NULL DEFAULT '0',
  `admin` int NOT NULL DEFAULT '0',
  `sorting` int NOT NULL DEFAULT '99',
  `presence` int NOT NULL DEFAULT '1',
  `input_date` datetime NOT NULL DEFAULT '2023-01-01 00:00:00',
  `input_by` varchar(50) COLLATE utf8mb4_general_ci NOT NULL DEFAULT '',
  `update_date` datetime NOT NULL DEFAULT '2023-01-01 00:00:00',
  `update_by` varchar(50) COLLATE utf8mb4_general_ci NOT NULL DEFAULT '',
  PRIMARY KEY (`id`)
) ENGINE=InnoDB AUTO_INCREMENT=17 DEFAULT CHARSET=utf8mb4 COLLATE=utf8mb4_general_ci;

-- Dumping data for table app1.mirrel.com.journal_access: ~6 rows (approximately)
INSERT INTO `journal_access` (`id`, `bookId`, `accountId`, `journalId`, `owner`, `star`, `editable`, `changeable`, `admin`, `sorting`, `presence`, `input_date`, `input_by`, `update_date`, `update_by`) VALUES
	(11, 'B230018', '231020.000013', 'J23000136', 1, 1, 1, 1, 1, 99, 1, '2023-10-22 16:27:52', '231020.000013', '2023-10-23 04:27:29', '231020.000013'),
	(12, 'B230017', '231020.000013', 'J23000137', 1, 0, 1, 1, 1, 99, 1, '2023-10-24 07:47:06', '231020.000013', '2023-10-24 07:47:06', '231020.000013'),
	(13, 'B230020', '231031.000015', 'J23000138', 1, 0, 1, 1, 1, 99, 1, '2023-10-31 05:54:46', '231031.000015', '2023-10-31 05:54:46', '231031.000015'),
	(14, 'B230018', '231020.000013', 'J23000139', 1, 1, 1, 1, 1, 99, 1, '2023-11-03 17:59:06', '231020.000013', '2023-11-06 16:59:00', '231020.000013'),
	(15, 'B230018', '231020.000013', 'J23000140', 1, 0, 1, 1, 1, 99, 1, '2023-11-12 13:18:47', '231020.000013', '2023-11-12 13:18:47', '231020.000013'),
	(16, 'B230018', '231020.000013', 'J23000141', 1, 0, 1, 1, 1, 99, 1, '2023-11-14 18:00:36', '231020.000013', '2023-11-14 18:00:36', '231020.000013');

-- Dumping structure for table app1.mirrel.com.journal_chart_type
CREATE TABLE IF NOT EXISTS `journal_chart_type` (
  `id` int NOT NULL AUTO_INCREMENT,
  `journalId` varchar(50) COLLATE utf8mb4_general_ci NOT NULL DEFAULT '',
  `journalTableViewId` int DEFAULT NULL,
  `chartjsTypeId` int DEFAULT NULL,
  `status` int NOT NULL DEFAULT '1',
  `presence` int NOT NULL DEFAULT '1',
  `update_by` varchar(50) COLLATE utf8mb4_general_ci NOT NULL DEFAULT '',
  `update_date` datetime NOT NULL DEFAULT '2023-01-01 00:00:00',
  `input_by` varchar(50) COLLATE utf8mb4_general_ci NOT NULL DEFAULT '',
  `input_date` datetime NOT NULL DEFAULT '2023-01-01 00:00:00',
  PRIMARY KEY (`id`)
) ENGINE=InnoDB AUTO_INCREMENT=30 DEFAULT CHARSET=utf8mb4 COLLATE=utf8mb4_general_ci;

-- Dumping data for table app1.mirrel.com.journal_chart_type: ~13 rows (approximately)
INSERT INTO `journal_chart_type` (`id`, `journalId`, `journalTableViewId`, `chartjsTypeId`, `status`, `presence`, `update_by`, `update_date`, `input_by`, `input_date`) VALUES
	(17, 'J23000136', 28, 3, 1, 1, '', '2023-01-01 00:00:00', '231020.000013', '2023-10-22 16:27:52'),
	(18, 'J23000136', 29, 3, 1, 1, '', '2023-01-01 00:00:00', '231020.000013', '2023-10-22 16:27:52'),
	(19, 'J23000137', 31, 3, 1, 1, '', '2023-01-01 00:00:00', '231020.000013', '2023-10-24 07:47:06'),
	(20, 'J23000137', 32, 3, 1, 1, '231020.000013', '2023-10-24 07:49:43', '231020.000013', '2023-10-24 07:47:06'),
	(21, 'J23000137', 34, 1, 1, 1, '231020.000013', '2023-10-24 07:48:05', '231020.000013', '2023-10-24 07:48:00'),
	(22, 'J23000138', 36, 3, 1, 1, '', '2023-01-01 00:00:00', '231031.000015', '2023-10-31 05:54:46'),
	(23, 'J23000138', 37, 3, 1, 1, '', '2023-01-01 00:00:00', '231031.000015', '2023-10-31 05:54:46'),
	(24, 'J23000139', 39, 3, 1, 1, '', '2023-01-01 00:00:00', '231020.000013', '2023-11-03 17:59:06'),
	(25, 'J23000139', 40, 3, 1, 1, '231020.000013', '2023-11-04 11:03:45', '231020.000013', '2023-11-03 17:59:06'),
	(26, 'J23000140', 42, 3, 1, 1, '', '2023-01-01 00:00:00', '231020.000013', '2023-11-12 13:18:47'),
	(27, 'J23000140', 43, 3, 1, 1, '', '2023-01-01 00:00:00', '231020.000013', '2023-11-12 13:18:47'),
	(28, 'J23000141', 46, 3, 1, 1, '', '2023-01-01 00:00:00', '231020.000013', '2023-11-14 18:00:36'),
	(29, 'J23000141', 47, 3, 1, 1, '', '2023-01-01 00:00:00', '231020.000013', '2023-11-14 18:00:36');

-- Dumping structure for table app1.mirrel.com.journal_chart_where
CREATE TABLE IF NOT EXISTS `journal_chart_where` (
  `id` int NOT NULL AUTO_INCREMENT,
  `journalId` varchar(50) COLLATE utf8mb4_general_ci NOT NULL DEFAULT '',
  `journalTableViewId` int DEFAULT NULL,
  `value` varchar(10) COLLATE utf8mb4_general_ci NOT NULL,
  `status` int NOT NULL DEFAULT '1',
  `presence` int NOT NULL DEFAULT '1',
  `update_by` varchar(50) COLLATE utf8mb4_general_ci NOT NULL DEFAULT '',
  `update_date` datetime NOT NULL DEFAULT '2023-01-01 00:00:00',
  `input_by` varchar(50) COLLATE utf8mb4_general_ci NOT NULL DEFAULT '',
  `input_date` datetime NOT NULL DEFAULT '2023-01-01 00:00:00',
  PRIMARY KEY (`id`) USING BTREE
) ENGINE=InnoDB AUTO_INCREMENT=4 DEFAULT CHARSET=utf8mb4 COLLATE=utf8mb4_general_ci;

-- Dumping data for table app1.mirrel.com.journal_chart_where: ~3 rows (approximately)
INSERT INTO `journal_chart_where` (`id`, `journalId`, `journalTableViewId`, `value`, `status`, `presence`, `update_by`, `update_date`, `input_by`, `input_date`) VALUES
	(1, 'J23000137', 34, '', 1, 1, '231020.000013', '2023-10-24 07:48:05', '231020.000013', '2023-10-24 07:48:00'),
	(2, 'J23000137', 32, '', 1, 1, '231020.000013', '2023-10-24 07:49:43', '231020.000013', '2023-10-24 07:48:14'),
	(3, 'J23000139', 40, '', 1, 1, '231020.000013', '2023-11-04 11:03:45', '231020.000013', '2023-11-04 11:03:39');

-- Dumping structure for table app1.mirrel.com.journal_chart_where_select
CREATE TABLE IF NOT EXISTS `journal_chart_where_select` (
  `id` int NOT NULL AUTO_INCREMENT,
  `journalId` varchar(50) COLLATE utf8mb4_general_ci NOT NULL DEFAULT '',
  `journalTableViewId` int DEFAULT NULL,
  `journalSelectId` int NOT NULL DEFAULT '0',
  `status` int NOT NULL DEFAULT '1',
  `presence` int NOT NULL DEFAULT '1',
  `update_by` varchar(50) COLLATE utf8mb4_general_ci NOT NULL DEFAULT '',
  `update_date` datetime NOT NULL DEFAULT '2023-01-01 00:00:00',
  `input_by` varchar(50) COLLATE utf8mb4_general_ci NOT NULL DEFAULT '',
  `input_date` datetime NOT NULL DEFAULT '2023-01-01 00:00:00',
  PRIMARY KEY (`id`) USING BTREE
) ENGINE=InnoDB AUTO_INCREMENT=594 DEFAULT CHARSET=utf8mb4 COLLATE=utf8mb4_general_ci;

-- Dumping data for table app1.mirrel.com.journal_chart_where_select: ~131 rows (approximately)
INSERT INTO `journal_chart_where_select` (`id`, `journalId`, `journalTableViewId`, `journalSelectId`, `status`, `presence`, `update_by`, `update_date`, `input_by`, `input_date`) VALUES
	(85, 'J23000137', 34, 197, 0, 1, '', '2023-01-01 00:00:00', '', '2023-01-01 00:00:00'),
	(86, 'J23000137', 34, 198, 0, 1, '', '2023-01-01 00:00:00', '', '2023-01-01 00:00:00'),
	(87, 'J23000137', 34, 199, 0, 1, '', '2023-01-01 00:00:00', '', '2023-01-01 00:00:00'),
	(88, 'J23000137', 34, 200, 0, 1, '', '2023-01-01 00:00:00', '', '2023-01-01 00:00:00'),
	(89, 'J23000137', 34, 201, 0, 1, '', '2023-01-01 00:00:00', '', '2023-01-01 00:00:00'),
	(90, 'J23000137', 34, 202, 0, 1, '', '2023-01-01 00:00:00', '', '2023-01-01 00:00:00'),
	(91, 'J23000137', 34, 203, 0, 1, '', '2023-01-01 00:00:00', '', '2023-01-01 00:00:00'),
	(92, 'J23000137', 34, 204, 0, 1, '', '2023-01-01 00:00:00', '', '2023-01-01 00:00:00'),
	(93, 'J23000137', 34, 205, 0, 1, '', '2023-01-01 00:00:00', '', '2023-01-01 00:00:00'),
	(94, 'J23000137', 34, 206, 0, 1, '', '2023-01-01 00:00:00', '', '2023-01-01 00:00:00'),
	(95, 'J23000137', 34, 207, 0, 1, '', '2023-01-01 00:00:00', '', '2023-01-01 00:00:00'),
	(96, 'J23000137', 34, 208, 0, 1, '', '2023-01-01 00:00:00', '', '2023-01-01 00:00:00'),
	(97, 'J23000137', 34, 209, 0, 1, '', '2023-01-01 00:00:00', '', '2023-01-01 00:00:00'),
	(98, 'J23000137', 34, 210, 0, 1, '', '2023-01-01 00:00:00', '', '2023-01-01 00:00:00'),
	(99, 'J23000137', 34, 211, 0, 1, '', '2023-01-01 00:00:00', '', '2023-01-01 00:00:00'),
	(100, 'J23000137', 34, 212, 0, 1, '', '2023-01-01 00:00:00', '', '2023-01-01 00:00:00'),
	(101, 'J23000137', 34, 213, 0, 1, '', '2023-01-01 00:00:00', '', '2023-01-01 00:00:00'),
	(102, 'J23000137', 34, 214, 0, 1, '', '2023-01-01 00:00:00', '', '2023-01-01 00:00:00'),
	(103, 'J23000137', 34, 215, 0, 1, '', '2023-01-01 00:00:00', '', '2023-01-01 00:00:00'),
	(104, 'J23000137', 34, 216, 0, 1, '', '2023-01-01 00:00:00', '', '2023-01-01 00:00:00'),
	(105, 'J23000137', 34, 217, 0, 1, '', '2023-01-01 00:00:00', '', '2023-01-01 00:00:00'),
	(400, 'J23000137', 32, 197, 0, 1, '', '2023-01-01 00:00:00', '', '2023-01-01 00:00:00'),
	(401, 'J23000137', 32, 198, 0, 1, '', '2023-01-01 00:00:00', '', '2023-01-01 00:00:00'),
	(402, 'J23000137', 32, 199, 0, 1, '', '2023-01-01 00:00:00', '', '2023-01-01 00:00:00'),
	(403, 'J23000137', 32, 200, 0, 1, '', '2023-01-01 00:00:00', '', '2023-01-01 00:00:00'),
	(404, 'J23000137', 32, 201, 0, 1, '', '2023-01-01 00:00:00', '', '2023-01-01 00:00:00'),
	(405, 'J23000137', 32, 202, 0, 1, '', '2023-01-01 00:00:00', '', '2023-01-01 00:00:00'),
	(406, 'J23000137', 32, 203, 0, 1, '', '2023-01-01 00:00:00', '', '2023-01-01 00:00:00'),
	(407, 'J23000137', 32, 204, 0, 1, '', '2023-01-01 00:00:00', '', '2023-01-01 00:00:00'),
	(408, 'J23000137', 32, 205, 0, 1, '', '2023-01-01 00:00:00', '', '2023-01-01 00:00:00'),
	(409, 'J23000137', 32, 206, 0, 1, '', '2023-01-01 00:00:00', '', '2023-01-01 00:00:00'),
	(410, 'J23000137', 32, 207, 0, 1, '', '2023-01-01 00:00:00', '', '2023-01-01 00:00:00'),
	(411, 'J23000137', 32, 208, 0, 1, '', '2023-01-01 00:00:00', '', '2023-01-01 00:00:00'),
	(412, 'J23000137', 32, 209, 0, 1, '', '2023-01-01 00:00:00', '', '2023-01-01 00:00:00'),
	(413, 'J23000137', 32, 210, 0, 1, '', '2023-01-01 00:00:00', '', '2023-01-01 00:00:00'),
	(414, 'J23000137', 32, 211, 0, 1, '', '2023-01-01 00:00:00', '', '2023-01-01 00:00:00'),
	(415, 'J23000137', 32, 212, 0, 1, '', '2023-01-01 00:00:00', '', '2023-01-01 00:00:00'),
	(416, 'J23000137', 32, 213, 0, 1, '', '2023-01-01 00:00:00', '', '2023-01-01 00:00:00'),
	(417, 'J23000137', 32, 214, 0, 1, '', '2023-01-01 00:00:00', '', '2023-01-01 00:00:00'),
	(418, 'J23000137', 32, 215, 0, 1, '', '2023-01-01 00:00:00', '', '2023-01-01 00:00:00'),
	(419, 'J23000137', 32, 216, 0, 1, '', '2023-01-01 00:00:00', '', '2023-01-01 00:00:00'),
	(420, 'J23000137', 32, 217, 0, 1, '', '2023-01-01 00:00:00', '', '2023-01-01 00:00:00'),
	(421, 'J23000136', 29, 171, 0, 1, '', '2023-01-01 00:00:00', '', '2023-01-01 00:00:00'),
	(422, 'J23000136', 29, 172, 0, 1, '', '2023-01-01 00:00:00', '', '2023-01-01 00:00:00'),
	(423, 'J23000136', 29, 173, 0, 1, '', '2023-01-01 00:00:00', '', '2023-01-01 00:00:00'),
	(424, 'J23000136', 29, 174, 0, 1, '', '2023-01-01 00:00:00', '', '2023-01-01 00:00:00'),
	(425, 'J23000136', 29, 175, 0, 1, '', '2023-01-01 00:00:00', '', '2023-01-01 00:00:00'),
	(426, 'J23000136', 29, 176, 0, 1, '', '2023-01-01 00:00:00', '', '2023-01-01 00:00:00'),
	(427, 'J23000136', 29, 177, 0, 1, '', '2023-01-01 00:00:00', '', '2023-01-01 00:00:00'),
	(428, 'J23000136', 29, 178, 0, 1, '', '2023-01-01 00:00:00', '', '2023-01-01 00:00:00'),
	(429, 'J23000136', 29, 179, 0, 1, '', '2023-01-01 00:00:00', '', '2023-01-01 00:00:00'),
	(430, 'J23000136', 29, 180, 0, 1, '', '2023-01-01 00:00:00', '', '2023-01-01 00:00:00'),
	(431, 'J23000136', 29, 181, 0, 1, '', '2023-01-01 00:00:00', '', '2023-01-01 00:00:00'),
	(432, 'J23000136', 29, 182, 0, 1, '', '2023-01-01 00:00:00', '', '2023-01-01 00:00:00'),
	(433, 'J23000136', 29, 183, 0, 1, '', '2023-01-01 00:00:00', '', '2023-01-01 00:00:00'),
	(434, 'J23000136', 29, 184, 0, 1, '', '2023-01-01 00:00:00', '', '2023-01-01 00:00:00'),
	(435, 'J23000136', 29, 196, 0, 1, '', '2023-01-01 00:00:00', '', '2023-01-01 00:00:00'),
	(436, 'J23000136', 29, 185, 0, 1, '', '2023-01-01 00:00:00', '', '2023-01-01 00:00:00'),
	(437, 'J23000136', 29, 186, 0, 1, '', '2023-01-01 00:00:00', '', '2023-01-01 00:00:00'),
	(438, 'J23000136', 29, 187, 0, 1, '', '2023-01-01 00:00:00', '', '2023-01-01 00:00:00'),
	(439, 'J23000136', 29, 188, 0, 1, '', '2023-01-01 00:00:00', '', '2023-01-01 00:00:00'),
	(440, 'J23000136', 29, 189, 0, 1, '', '2023-01-01 00:00:00', '', '2023-01-01 00:00:00'),
	(441, 'J23000136', 29, 190, 0, 1, '', '2023-01-01 00:00:00', '', '2023-01-01 00:00:00'),
	(442, 'J23000136', 29, 191, 0, 1, '', '2023-01-01 00:00:00', '', '2023-01-01 00:00:00'),
	(443, 'J23000136', 29, 195, 0, 1, '', '2023-01-01 00:00:00', '', '2023-01-01 00:00:00'),
	(444, 'J23000136', 29, 192, 0, 1, '', '2023-01-01 00:00:00', '', '2023-01-01 00:00:00'),
	(445, 'J23000136', 29, 193, 0, 1, '', '2023-01-01 00:00:00', '', '2023-01-01 00:00:00'),
	(446, 'J23000136', 29, 194, 0, 1, '', '2023-01-01 00:00:00', '', '2023-01-01 00:00:00'),
	(531, 'J23000139', 40, 239, 0, 1, '', '2023-01-01 00:00:00', '', '2023-01-01 00:00:00'),
	(532, 'J23000139', 40, 240, 0, 1, '', '2023-01-01 00:00:00', '', '2023-01-01 00:00:00'),
	(533, 'J23000139', 40, 241, 0, 1, '', '2023-01-01 00:00:00', '', '2023-01-01 00:00:00'),
	(534, 'J23000139', 40, 242, 0, 1, '', '2023-01-01 00:00:00', '', '2023-01-01 00:00:00'),
	(535, 'J23000139', 40, 243, 0, 1, '', '2023-01-01 00:00:00', '', '2023-01-01 00:00:00'),
	(536, 'J23000139', 40, 244, 0, 1, '', '2023-01-01 00:00:00', '', '2023-01-01 00:00:00'),
	(537, 'J23000139', 40, 245, 0, 1, '', '2023-01-01 00:00:00', '', '2023-01-01 00:00:00'),
	(538, 'J23000139', 40, 246, 0, 1, '', '2023-01-01 00:00:00', '', '2023-01-01 00:00:00'),
	(539, 'J23000139', 40, 247, 0, 1, '', '2023-01-01 00:00:00', '', '2023-01-01 00:00:00'),
	(540, 'J23000139', 40, 248, 0, 1, '', '2023-01-01 00:00:00', '', '2023-01-01 00:00:00'),
	(541, 'J23000139', 40, 249, 0, 1, '', '2023-01-01 00:00:00', '', '2023-01-01 00:00:00'),
	(542, 'J23000139', 40, 250, 0, 1, '', '2023-01-01 00:00:00', '', '2023-01-01 00:00:00'),
	(543, 'J23000139', 40, 251, 0, 1, '', '2023-01-01 00:00:00', '', '2023-01-01 00:00:00'),
	(544, 'J23000139', 40, 252, 0, 1, '', '2023-01-01 00:00:00', '', '2023-01-01 00:00:00'),
	(545, 'J23000139', 40, 253, 0, 1, '', '2023-01-01 00:00:00', '', '2023-01-01 00:00:00'),
	(546, 'J23000139', 40, 254, 0, 1, '', '2023-01-01 00:00:00', '', '2023-01-01 00:00:00'),
	(547, 'J23000139', 40, 255, 0, 1, '', '2023-01-01 00:00:00', '', '2023-01-01 00:00:00'),
	(548, 'J23000139', 40, 256, 0, 1, '', '2023-01-01 00:00:00', '', '2023-01-01 00:00:00'),
	(549, 'J23000139', 40, 257, 0, 1, '', '2023-01-01 00:00:00', '', '2023-01-01 00:00:00'),
	(550, 'J23000139', 40, 258, 0, 1, '', '2023-01-01 00:00:00', '', '2023-01-01 00:00:00'),
	(551, 'J23000139', 40, 259, 0, 1, '', '2023-01-01 00:00:00', '', '2023-01-01 00:00:00'),
	(552, 'J23000140', 43, 260, 0, 1, '', '2023-01-01 00:00:00', '', '2023-01-01 00:00:00'),
	(553, 'J23000140', 43, 261, 0, 1, '', '2023-01-01 00:00:00', '', '2023-01-01 00:00:00'),
	(554, 'J23000140', 43, 262, 0, 1, '', '2023-01-01 00:00:00', '', '2023-01-01 00:00:00'),
	(555, 'J23000140', 43, 263, 0, 1, '', '2023-01-01 00:00:00', '', '2023-01-01 00:00:00'),
	(556, 'J23000140', 43, 264, 0, 1, '', '2023-01-01 00:00:00', '', '2023-01-01 00:00:00'),
	(557, 'J23000140', 43, 265, 0, 1, '', '2023-01-01 00:00:00', '', '2023-01-01 00:00:00'),
	(558, 'J23000140', 43, 266, 0, 1, '', '2023-01-01 00:00:00', '', '2023-01-01 00:00:00'),
	(559, 'J23000140', 43, 267, 0, 1, '', '2023-01-01 00:00:00', '', '2023-01-01 00:00:00'),
	(560, 'J23000140', 43, 268, 0, 1, '', '2023-01-01 00:00:00', '', '2023-01-01 00:00:00'),
	(561, 'J23000140', 43, 269, 0, 1, '', '2023-01-01 00:00:00', '', '2023-01-01 00:00:00'),
	(562, 'J23000140', 43, 270, 0, 1, '', '2023-01-01 00:00:00', '', '2023-01-01 00:00:00'),
	(563, 'J23000140', 43, 271, 0, 1, '', '2023-01-01 00:00:00', '', '2023-01-01 00:00:00'),
	(564, 'J23000140', 43, 272, 0, 1, '', '2023-01-01 00:00:00', '', '2023-01-01 00:00:00'),
	(565, 'J23000140', 43, 273, 0, 1, '', '2023-01-01 00:00:00', '', '2023-01-01 00:00:00'),
	(566, 'J23000140', 43, 274, 0, 1, '', '2023-01-01 00:00:00', '', '2023-01-01 00:00:00'),
	(567, 'J23000140', 43, 275, 0, 1, '', '2023-01-01 00:00:00', '', '2023-01-01 00:00:00'),
	(568, 'J23000140', 43, 276, 0, 1, '', '2023-01-01 00:00:00', '', '2023-01-01 00:00:00'),
	(569, 'J23000140', 43, 277, 0, 1, '', '2023-01-01 00:00:00', '', '2023-01-01 00:00:00'),
	(570, 'J23000140', 43, 278, 0, 1, '', '2023-01-01 00:00:00', '', '2023-01-01 00:00:00'),
	(571, 'J23000140', 43, 279, 0, 1, '', '2023-01-01 00:00:00', '', '2023-01-01 00:00:00'),
	(572, 'J23000140', 43, 280, 0, 1, '', '2023-01-01 00:00:00', '', '2023-01-01 00:00:00'),
	(573, 'J23000141', 47, 281, 0, 1, '', '2023-01-01 00:00:00', '', '2023-01-01 00:00:00'),
	(574, 'J23000141', 47, 282, 0, 1, '', '2023-01-01 00:00:00', '', '2023-01-01 00:00:00'),
	(575, 'J23000141', 47, 283, 0, 1, '', '2023-01-01 00:00:00', '', '2023-01-01 00:00:00'),
	(576, 'J23000141', 47, 284, 0, 1, '', '2023-01-01 00:00:00', '', '2023-01-01 00:00:00'),
	(577, 'J23000141', 47, 285, 0, 1, '', '2023-01-01 00:00:00', '', '2023-01-01 00:00:00'),
	(578, 'J23000141', 47, 286, 0, 1, '', '2023-01-01 00:00:00', '', '2023-01-01 00:00:00'),
	(579, 'J23000141', 47, 287, 0, 1, '', '2023-01-01 00:00:00', '', '2023-01-01 00:00:00'),
	(580, 'J23000141', 47, 288, 0, 1, '', '2023-01-01 00:00:00', '', '2023-01-01 00:00:00'),
	(581, 'J23000141', 47, 289, 0, 1, '', '2023-01-01 00:00:00', '', '2023-01-01 00:00:00'),
	(582, 'J23000141', 47, 290, 0, 1, '', '2023-01-01 00:00:00', '', '2023-01-01 00:00:00'),
	(583, 'J23000141', 47, 291, 0, 1, '', '2023-01-01 00:00:00', '', '2023-01-01 00:00:00'),
	(584, 'J23000141', 47, 292, 0, 1, '', '2023-01-01 00:00:00', '', '2023-01-01 00:00:00'),
	(585, 'J23000141', 47, 293, 0, 1, '', '2023-01-01 00:00:00', '', '2023-01-01 00:00:00'),
	(586, 'J23000141', 47, 294, 0, 1, '', '2023-01-01 00:00:00', '', '2023-01-01 00:00:00'),
	(587, 'J23000141', 47, 295, 0, 1, '', '2023-01-01 00:00:00', '', '2023-01-01 00:00:00'),
	(588, 'J23000141', 47, 296, 0, 1, '', '2023-01-01 00:00:00', '', '2023-01-01 00:00:00'),
	(589, 'J23000141', 47, 297, 0, 1, '', '2023-01-01 00:00:00', '', '2023-01-01 00:00:00'),
	(590, 'J23000141', 47, 298, 0, 1, '', '2023-01-01 00:00:00', '', '2023-01-01 00:00:00'),
	(591, 'J23000141', 47, 299, 0, 1, '', '2023-01-01 00:00:00', '', '2023-01-01 00:00:00'),
	(592, 'J23000141', 47, 300, 0, 1, '', '2023-01-01 00:00:00', '', '2023-01-01 00:00:00'),
	(593, 'J23000141', 47, 301, 0, 1, '', '2023-01-01 00:00:00', '', '2023-01-01 00:00:00');

-- Dumping structure for table app1.mirrel.com.journal_chart_xaxis
CREATE TABLE IF NOT EXISTS `journal_chart_xaxis` (
  `id` int NOT NULL AUTO_INCREMENT,
  `journalId` varchar(50) COLLATE utf8mb4_general_ci NOT NULL DEFAULT '',
  `journalTableViewId` int DEFAULT NULL,
  `value` varchar(10) COLLATE utf8mb4_general_ci NOT NULL,
  `status` int NOT NULL DEFAULT '1',
  `presence` int NOT NULL DEFAULT '1',
  `update_by` varchar(50) COLLATE utf8mb4_general_ci NOT NULL DEFAULT '',
  `update_date` datetime NOT NULL DEFAULT '2023-01-01 00:00:00',
  `input_by` varchar(50) COLLATE utf8mb4_general_ci NOT NULL DEFAULT '',
  `input_date` datetime NOT NULL DEFAULT '2023-01-01 00:00:00',
  PRIMARY KEY (`id`) USING BTREE
) ENGINE=InnoDB AUTO_INCREMENT=30 DEFAULT CHARSET=utf8mb4 COLLATE=utf8mb4_general_ci;

-- Dumping data for table app1.mirrel.com.journal_chart_xaxis: ~13 rows (approximately)
INSERT INTO `journal_chart_xaxis` (`id`, `journalId`, `journalTableViewId`, `value`, `status`, `presence`, `update_by`, `update_date`, `input_by`, `input_date`) VALUES
	(17, 'J23000136', 28, 'f1', 1, 1, '', '2023-01-01 00:00:00', '231020.000013', '2023-10-22 16:27:52'),
	(18, 'J23000136', 29, 'f1', 1, 1, '', '2023-01-01 00:00:00', '231020.000013', '2023-10-22 16:27:52'),
	(19, 'J23000137', 31, 'f1', 1, 1, '', '2023-01-01 00:00:00', '231020.000013', '2023-10-24 07:47:06'),
	(20, 'J23000137', 32, 'f6', 1, 1, '231020.000013', '2023-10-24 07:49:43', '231020.000013', '2023-10-24 07:47:06'),
	(21, 'J23000137', 34, 'f8', 1, 1, '231020.000013', '2023-10-24 07:48:05', '231020.000013', '2023-10-24 07:48:00'),
	(22, 'J23000138', 36, 'f1', 1, 1, '', '2023-01-01 00:00:00', '231031.000015', '2023-10-31 05:54:46'),
	(23, 'J23000138', 37, 'f1', 1, 1, '', '2023-01-01 00:00:00', '231031.000015', '2023-10-31 05:54:46'),
	(24, 'J23000139', 39, 'f1', 1, 1, '', '2023-01-01 00:00:00', '231020.000013', '2023-11-03 17:59:06'),
	(25, 'J23000139', 40, 'f1', 1, 1, '231020.000013', '2023-11-04 11:03:45', '231020.000013', '2023-11-03 17:59:06'),
	(26, 'J23000140', 42, 'f1', 1, 1, '', '2023-01-01 00:00:00', '231020.000013', '2023-11-12 13:18:47'),
	(27, 'J23000140', 43, 'f1', 1, 1, '', '2023-01-01 00:00:00', '231020.000013', '2023-11-12 13:18:47'),
	(28, 'J23000141', 46, 'f1', 1, 1, '', '2023-01-01 00:00:00', '231020.000013', '2023-11-14 18:00:36'),
	(29, 'J23000141', 47, 'f1', 1, 1, '', '2023-01-01 00:00:00', '231020.000013', '2023-11-14 18:00:36');

-- Dumping structure for table app1.mirrel.com.journal_chart_yaxis
CREATE TABLE IF NOT EXISTS `journal_chart_yaxis` (
  `id` int NOT NULL AUTO_INCREMENT,
  `journalId` varchar(50) COLLATE utf8mb4_general_ci NOT NULL DEFAULT '',
  `journalTableViewId` int DEFAULT NULL,
  `value` varchar(10) COLLATE utf8mb4_general_ci NOT NULL,
  `fill` int NOT NULL DEFAULT '0',
  `accumulation` int NOT NULL DEFAULT '0',
  `status` int NOT NULL DEFAULT '1',
  `presence` int NOT NULL DEFAULT '1',
  `update_by` varchar(50) COLLATE utf8mb4_general_ci NOT NULL DEFAULT '',
  `update_date` datetime NOT NULL DEFAULT '2023-01-01 00:00:00',
  `input_by` varchar(50) COLLATE utf8mb4_general_ci NOT NULL DEFAULT '',
  `input_date` datetime NOT NULL DEFAULT '2023-01-01 00:00:00',
  PRIMARY KEY (`id`) USING BTREE
) ENGINE=InnoDB AUTO_INCREMENT=42 DEFAULT CHARSET=utf8mb4 COLLATE=utf8mb4_general_ci;

-- Dumping data for table app1.mirrel.com.journal_chart_yaxis: ~25 rows (approximately)
INSERT INTO `journal_chart_yaxis` (`id`, `journalId`, `journalTableViewId`, `value`, `fill`, `accumulation`, `status`, `presence`, `update_by`, `update_date`, `input_by`, `input_date`) VALUES
	(17, 'J23000136', 28, 'f6', 1, 1, 1, 1, '', '2023-01-01 00:00:00', '231020.000013', '2023-10-22 16:27:52'),
	(18, 'J23000136', 29, 'f6', 1, 1, 1, 1, '', '2023-01-01 00:00:00', '231020.000013', '2023-10-22 16:27:52'),
	(19, 'J23000137', 31, 'f6', 1, 1, 1, 1, '', '2023-01-01 00:00:00', '231020.000013', '2023-10-24 07:47:06'),
	(20, 'J23000137', 32, 'f6', 1, 1, 1, 1, '', '2023-01-01 00:00:00', '231020.000013', '2023-10-24 07:47:06'),
	(21, 'J23000137', 34, 'f10', 0, 0, 0, 1, '', '2023-01-01 00:00:00', '', '2023-01-01 00:00:00'),
	(22, 'J23000137', 34, 'f11', 0, 0, 0, 1, '', '2023-01-01 00:00:00', '', '2023-01-01 00:00:00'),
	(23, 'J23000137', 34, 'f6', 0, 0, 0, 1, '', '2023-01-01 00:00:00', '', '2023-01-01 00:00:00'),
	(24, 'J23000137', 34, 'f5', 0, 0, 1, 1, '', '2023-01-01 00:00:00', '', '2023-01-01 00:00:00'),
	(25, 'J23000137', 34, 'f7', 0, 0, 0, 1, '', '2023-01-01 00:00:00', '', '2023-01-01 00:00:00'),
	(26, 'J23000137', 32, 'f10', 0, 0, 0, 1, '', '2023-01-01 00:00:00', '', '2023-01-01 00:00:00'),
	(27, 'J23000137', 32, 'f11', 0, 0, 0, 1, '', '2023-01-01 00:00:00', '', '2023-01-01 00:00:00'),
	(28, 'J23000137', 32, 'f5', 0, 0, 0, 1, '', '2023-01-01 00:00:00', '', '2023-01-01 00:00:00'),
	(29, 'J23000137', 32, 'f7', 0, 0, 0, 1, '', '2023-01-01 00:00:00', '', '2023-01-01 00:00:00'),
	(30, 'J23000138', 36, 'f6', 1, 1, 1, 1, '', '2023-01-01 00:00:00', '231031.000015', '2023-10-31 05:54:46'),
	(31, 'J23000138', 37, 'f6', 1, 1, 1, 1, '', '2023-01-01 00:00:00', '231031.000015', '2023-10-31 05:54:46'),
	(32, 'J23000139', 39, 'f6', 1, 1, 1, 1, '', '2023-01-01 00:00:00', '231020.000013', '2023-11-03 17:59:06'),
	(33, 'J23000139', 40, 'f6', 1, 1, 1, 1, '', '2023-01-01 00:00:00', '231020.000013', '2023-11-03 17:59:06'),
	(34, 'J23000139', 40, 'f7', 0, 0, 0, 1, '', '2023-01-01 00:00:00', '', '2023-01-01 00:00:00'),
	(35, 'J23000139', 40, 'f10', 0, 0, 0, 1, '', '2023-01-01 00:00:00', '', '2023-01-01 00:00:00'),
	(36, 'J23000139', 40, 'f11', 0, 0, 0, 1, '', '2023-01-01 00:00:00', '', '2023-01-01 00:00:00'),
	(37, 'J23000139', 40, 'f5', 0, 0, 0, 1, '', '2023-01-01 00:00:00', '', '2023-01-01 00:00:00'),
	(38, 'J23000140', 42, 'f6', 1, 1, 1, 1, '', '2023-01-01 00:00:00', '231020.000013', '2023-11-12 13:18:47'),
	(39, 'J23000140', 43, 'f6', 1, 1, 1, 1, '', '2023-01-01 00:00:00', '231020.000013', '2023-11-12 13:18:47'),
	(40, 'J23000141', 46, 'f6', 1, 1, 1, 1, '', '2023-01-01 00:00:00', '231020.000013', '2023-11-14 18:00:36'),
	(41, 'J23000141', 47, 'f6', 1, 1, 1, 1, '', '2023-01-01 00:00:00', '231020.000013', '2023-11-14 18:00:36');

-- Dumping structure for table app1.mirrel.com.journal_custom_field
CREATE TABLE IF NOT EXISTS `journal_custom_field` (
  `id` int NOT NULL AUTO_INCREMENT,
  `journalId` varchar(50) CHARACTER SET utf8mb3 COLLATE utf8mb3_unicode_ci NOT NULL,
  `ilock` int NOT NULL DEFAULT '0',
  `hide` int NOT NULL DEFAULT '0',
  `f` int NOT NULL DEFAULT '0',
  `name` varchar(250) CHARACTER SET utf8mb3 COLLATE utf8mb3_unicode_ci NOT NULL,
  `iType` varchar(250) COLLATE utf8mb4_general_ci NOT NULL,
  `width` int NOT NULL DEFAULT '300',
  `textAlign` varchar(50) COLLATE utf8mb4_general_ci NOT NULL DEFAULT 'center',
  `suffix` varchar(50) COLLATE utf8mb4_general_ci NOT NULL DEFAULT '',
  `sorting` int NOT NULL DEFAULT '99',
  `eval` text COLLATE utf8mb4_general_ci NOT NULL,
  `evalDev` text COLLATE utf8mb4_general_ci NOT NULL,
  `presence` int NOT NULL DEFAULT '1',
  `input_date` datetime NOT NULL DEFAULT '2023-01-01 00:00:00',
  `input_by` varchar(250) CHARACTER SET utf8mb3 COLLATE utf8mb3_unicode_ci NOT NULL,
  `update_date` datetime NOT NULL DEFAULT '2023-01-01 00:00:00',
  `update_by` varchar(250) CHARACTER SET utf8mb3 COLLATE utf8mb3_unicode_ci NOT NULL,
  PRIMARY KEY (`id`)
) ENGINE=InnoDB AUTO_INCREMENT=221 DEFAULT CHARSET=utf8mb4 COLLATE=utf8mb4_general_ci;

-- Dumping data for table app1.mirrel.com.journal_custom_field: ~91 rows (approximately)
INSERT INTO `journal_custom_field` (`id`, `journalId`, `ilock`, `hide`, `f`, `name`, `iType`, `width`, `textAlign`, `suffix`, `sorting`, `eval`, `evalDev`, `presence`, `input_date`, `input_by`, `update_date`, `update_by`) VALUES
	(130, 'J23000136', 1, 0, 8, 'Market', 'select', 150, 'center', '', 1, '', '', 1, '2023-10-22 16:27:52', '', '2023-10-22 16:51:07', '231020.000013'),
	(131, 'J23000136', 1, 0, 9, 'Order Type', 'select', 150, 'center', '', 2, '', '', 1, '2023-10-22 16:27:52', '', '2023-10-22 16:51:07', '231020.000013'),
	(132, 'J23000136', 1, 0, 1, 'Order date', 'date', 150, 'center', '', 3, '', '', 1, '2023-10-22 16:27:52', '', '2023-10-22 16:51:07', '231020.000013'),
	(133, 'J23000136', 1, 0, 2, 'Order Time', 'time', 150, 'center', '', 4, '', '', 1, '2023-10-22 16:27:52', '', '2023-10-22 16:51:07', '231020.000013'),
	(134, 'J23000136', 1, 0, 10, 'Stop Loss', 'number', 150, 'center', '$', 5, '', '', 1, '2023-10-22 16:27:52', '', '2023-10-22 16:51:07', '231020.000013'),
	(135, 'J23000136', 1, 0, 11, 'Reward (RR)', 'number', 150, 'center', '', 6, '', '', 1, '2023-10-22 16:27:52', '', '2023-10-22 16:51:08', '231020.000013'),
	(136, 'J23000136', 1, 0, 6, 'Profit', 'formula', 150, 'center', '$', 7, '$f10 * $f11', '', 1, '2023-10-22 16:27:52', '', '2023-10-22 16:51:08', '231020.000013'),
	(137, 'J23000136', 1, 0, 3, 'Close Date', 'date', 150, 'center', '', 8, '', '', 1, '2023-10-22 16:27:52', '', '2023-10-22 16:51:08', '231020.000013'),
	(138, 'J23000136', 1, 0, 4, 'Close Time', 'time', 150, 'center', '', 9, '', '', 1, '2023-10-22 16:27:52', '', '2023-10-22 16:51:08', '231020.000013'),
	(139, 'J23000136', 1, 0, 5, 'Avg Hour', 'formula', 150, 'center', ' hour', 10, '($f3 != \'\' && $f4 != \'\') ? (int)abs((strtotime($f3.\' \'.$f4) - strtotime($f1.\' \'.$f2)) / (60 * 60)) : 0', '', 1, '2023-10-22 16:27:52', '', '2023-10-22 16:51:08', '231020.000013'),
	(140, 'J23000136', 1, 0, 7, 'Status', 'formula', 150, 'center', '', 11, '(($f10 * $f11) < 0)? \'<div class=bg-loss>LOSS</div>\':\'<div class=bg-win>WIN</div>\'', '', 1, '2023-10-22 16:27:52', '', '2023-10-22 16:51:08', '231020.000013'),
	(141, 'J23000136', 1, 0, 12, 'Setups', 'select', 150, 'center', '', 12, '', '', 1, '2023-10-22 16:27:52', '', '2023-10-22 16:51:08', '231020.000013'),
	(142, 'J23000136', 1, 0, 13, 'Trader Person', 'user', 150, 'center', '', 15, '', '', 1, '2023-10-22 16:27:52', '', '2023-10-22 16:51:08', '231020.000013'),
	(143, 'J23000136', 12, 0, 14, 'Photo', 'image', 150, 'center', '', 14, '', '', 1, '2023-10-22 16:27:52', '', '2023-10-22 16:51:08', '231020.000013'),
	(144, 'J23000136', 1, 0, 15, 'Description', 'text', 150, 'center', '', 16, '', '', 1, '2023-10-22 16:27:52', '', '2023-10-22 16:51:08', '231020.000013'),
	(145, 'J23000136', 0, 0, 16, 'Confirm', 'select', 150, 'center', '', 13, '', '', 1, '2023-10-22 16:50:46', '231020.000013', '2023-10-22 16:51:50', '231020.000013'),
	(146, 'J23000137', 1, 0, 8, 'Market', 'select', 150, 'center', '', 1, '', '', 1, '2023-10-24 07:47:06', '', '2023-01-01 00:00:00', ''),
	(147, 'J23000137', 1, 0, 9, 'Order Type', 'select', 150, 'center', '', 2, '', '', 1, '2023-10-24 07:47:06', '', '2023-01-01 00:00:00', ''),
	(148, 'J23000137', 1, 0, 1, 'Order date', 'date', 150, 'center', '', 3, '', '', 1, '2023-10-24 07:47:06', '', '2023-01-01 00:00:00', ''),
	(149, 'J23000137', 1, 0, 2, 'Order Time', 'time', 150, 'center', '', 4, '', '', 1, '2023-10-24 07:47:06', '', '2023-01-01 00:00:00', ''),
	(150, 'J23000137', 1, 0, 10, 'Stop Loss', 'number', 150, 'center', '$', 5, '', '', 1, '2023-10-24 07:47:06', '', '2023-01-01 00:00:00', ''),
	(151, 'J23000137', 1, 0, 11, 'Reward (RR)', 'number', 150, 'center', '', 6, '', '', 1, '2023-10-24 07:47:06', '', '2023-01-01 00:00:00', ''),
	(152, 'J23000137', 1, 0, 6, 'Profit', 'formula', 150, 'center', '$', 7, '$f10 * $f11', '', 1, '2023-10-24 07:47:06', '', '2023-01-01 00:00:00', ''),
	(153, 'J23000137', 1, 0, 3, 'Close Date', 'date', 150, 'center', '', 8, '', '', 1, '2023-10-24 07:47:06', '', '2023-01-01 00:00:00', ''),
	(154, 'J23000137', 1, 0, 4, 'Close Time', 'time', 150, 'center', '', 9, '', '', 1, '2023-10-24 07:47:06', '', '2023-01-01 00:00:00', ''),
	(155, 'J23000137', 1, 0, 5, 'Avg Hour', 'formula', 150, 'center', ' hour', 10, '($f3 != \'\' && $f4 != \'\') ? (int)abs((strtotime($f3.\' \'.$f4) - strtotime($f1.\' \'.$f2)) / (60 * 60)) : 0', '', 1, '2023-10-24 07:47:06', '', '2023-01-01 00:00:00', ''),
	(156, 'J23000137', 1, 0, 7, 'Status', 'formula', 150, 'center', '', 11, '(($f10 * $f11) < 0)? \'<div class=bg-loss>LOSS</div>\':\'<div class=bg-win>WIN</div>\'', '', 1, '2023-10-24 07:47:06', '', '2023-01-01 00:00:00', ''),
	(157, 'J23000137', 1, 0, 12, 'Setups', 'select', 150, 'center', '', 12, '', '', 1, '2023-10-24 07:47:06', '', '2023-01-01 00:00:00', ''),
	(158, 'J23000137', 1, 0, 13, 'Trader Person', 'user', 150, 'center', '', 13, '', '', 1, '2023-10-24 07:47:06', '', '2023-01-01 00:00:00', ''),
	(159, 'J23000137', 12, 0, 14, 'Photo', 'image', 150, 'center', '', 14, '', '', 1, '2023-10-24 07:47:06', '', '2023-01-01 00:00:00', ''),
	(160, 'J23000137', 1, 0, 15, 'Description', 'text', 150, 'center', '', 15, '', '', 1, '2023-10-24 07:47:06', '', '2023-01-01 00:00:00', ''),
	(161, 'J23000138', 1, 0, 8, 'Market', 'select', 150, 'center', '', 1, '', '', 1, '2023-10-31 05:54:46', '', '2023-01-01 00:00:00', ''),
	(162, 'J23000138', 1, 0, 9, 'Order Type', 'select', 150, 'center', '', 2, '', '', 1, '2023-10-31 05:54:46', '', '2023-01-01 00:00:00', ''),
	(163, 'J23000138', 1, 0, 1, 'Order date', 'date', 150, 'center', '', 3, '', '', 1, '2023-10-31 05:54:46', '', '2023-01-01 00:00:00', ''),
	(164, 'J23000138', 1, 0, 2, 'Order Time', 'time', 150, 'center', '', 4, '', '', 1, '2023-10-31 05:54:46', '', '2023-01-01 00:00:00', ''),
	(165, 'J23000138', 1, 0, 10, 'Stop Loss', 'number', 150, 'center', '$', 5, '', '', 1, '2023-10-31 05:54:46', '', '2023-01-01 00:00:00', ''),
	(166, 'J23000138', 1, 0, 11, 'Reward (RR)', 'number', 150, 'center', '', 6, '', '', 1, '2023-10-31 05:54:46', '', '2023-01-01 00:00:00', ''),
	(167, 'J23000138', 1, 0, 6, 'Profit', 'formula', 150, 'center', '$', 7, '$f10 * $f11', '', 1, '2023-10-31 05:54:46', '', '2023-01-01 00:00:00', ''),
	(168, 'J23000138', 1, 0, 3, 'Close Date', 'date', 150, 'center', '', 8, '', '', 1, '2023-10-31 05:54:46', '', '2023-01-01 00:00:00', ''),
	(169, 'J23000138', 1, 0, 4, 'Close Time', 'time', 150, 'center', '', 9, '', '', 1, '2023-10-31 05:54:46', '', '2023-01-01 00:00:00', ''),
	(170, 'J23000138', 1, 0, 5, 'Avg Hour', 'formula', 150, 'center', ' hour', 10, '($f3 != \'\' && $f4 != \'\') ? (int)abs((strtotime($f3.\' \'.$f4) - strtotime($f1.\' \'.$f2)) / (60 * 60)) : 0', '', 1, '2023-10-31 05:54:46', '', '2023-01-01 00:00:00', ''),
	(171, 'J23000138', 1, 0, 7, 'Status', 'formula', 150, 'center', '', 11, '(($f10 * $f11) < 0)? \'<div class=bg-loss>LOSS</div>\':\'<div class=bg-win>WIN</div>\'', '', 1, '2023-10-31 05:54:46', '', '2023-01-01 00:00:00', ''),
	(172, 'J23000138', 1, 0, 12, 'Setups', 'select', 150, 'center', '', 12, '', '', 1, '2023-10-31 05:54:46', '', '2023-01-01 00:00:00', ''),
	(173, 'J23000138', 1, 0, 13, 'Trader Person', 'user', 150, 'center', '', 13, '', '', 1, '2023-10-31 05:54:46', '', '2023-01-01 00:00:00', ''),
	(174, 'J23000138', 12, 0, 14, 'Photo', 'image', 150, 'center', '', 14, '', '', 1, '2023-10-31 05:54:46', '', '2023-01-01 00:00:00', ''),
	(175, 'J23000138', 1, 0, 15, 'Description', 'text', 150, 'center', '', 15, '', '', 1, '2023-10-31 05:54:46', '', '2023-01-01 00:00:00', ''),
	(176, 'J23000139', 1, 0, 8, 'Market', 'select', 150, 'center', '', 2, '', '', 1, '2023-11-03 17:59:06', '', '2023-11-04 10:59:09', '231020.000013'),
	(177, 'J23000139', 1, 0, 9, 'Order Type', 'select', 150, 'center', '', 3, '', '', 1, '2023-11-03 17:59:06', '', '2023-11-04 10:59:09', '231020.000013'),
	(178, 'J23000139', 1, 0, 1, 'Order date', 'date', 150, 'center', '', 4, '', '', 1, '2023-11-03 17:59:06', '', '2023-11-04 10:59:09', '231020.000013'),
	(179, 'J23000139', 1, 0, 2, 'Order Time', 'time', 105, 'center', '', 5, '', '', 1, '2023-11-03 17:59:06', '', '2023-11-04 10:59:24', '231020.000013'),
	(180, 'J23000139', 1, 0, 10, 'Stop Loss', 'number', 150, 'center', '$', 6, '', '', 1, '2023-11-03 17:59:06', '', '2023-11-04 10:59:09', '231020.000013'),
	(181, 'J23000139', 1, 0, 11, 'Reward (RR)', 'number', 122, 'center', '', 7, '', '', 1, '2023-11-03 17:59:06', '', '2023-11-04 10:59:28', '231020.000013'),
	(182, 'J23000139', 1, 0, 6, 'Profit', 'formula', 112, 'center', '$', 8, '$f10 * $f11', '', 1, '2023-11-03 17:59:06', '', '2023-11-04 10:59:30', '231020.000013'),
	(183, 'J23000139', 1, 0, 3, 'Close Date', 'date', 150, 'center', '', 9, '', '', 1, '2023-11-03 17:59:06', '', '2023-11-04 10:59:09', '231020.000013'),
	(184, 'J23000139', 1, 0, 4, 'Close Time', 'time', 100, 'center', '', 10, '', '', 1, '2023-11-03 17:59:06', '', '2023-11-04 10:59:35', '231020.000013'),
	(185, 'J23000139', 1, 0, 5, 'Avg Hour', 'formula', 150, 'center', ' hour', 11, '($f3 != \'\' && $f4 != \'\') ? (int)abs((strtotime($f3.\' \'.$f4) - strtotime($f1.\' \'.$f2)) / (60 * 60)) : 0', '', 1, '2023-11-03 17:59:06', '', '2023-11-04 10:59:09', '231020.000013'),
	(186, 'J23000139', 1, 0, 7, 'Status', 'formula', 150, 'center', '', 1, '(($f10 * $f11) < 0)? \'<div class=bg-loss>LOSS</div>\':\'<div class=bg-win>WIN</div>\'', '', 1, '2023-11-03 17:59:06', '', '2023-11-04 10:59:09', '231020.000013'),
	(187, 'J23000139', 1, 0, 12, 'Setups', 'select', 150, 'center', '', 12, '', '', 1, '2023-11-03 17:59:06', '', '2023-11-04 10:59:09', '231020.000013'),
	(188, 'J23000139', 1, 0, 13, 'Trader Person', 'user', 150, 'center', '', 13, '', '', 1, '2023-11-03 17:59:06', '', '2023-11-04 10:59:09', '231020.000013'),
	(189, 'J23000139', 12, 0, 14, 'Photo', 'image', 150, 'center', '', 14, '', '', 1, '2023-11-03 17:59:06', '', '2023-11-04 10:59:09', '231020.000013'),
	(190, 'J23000139', 1, 0, 15, 'Description', 'text', 150, 'center', '', 15, '', '', 1, '2023-11-03 17:59:06', '', '2023-11-04 10:59:09', '231020.000013'),
	(191, 'J23000140', 1, 0, 8, 'Market', 'select', 150, 'center', '', 1, '', '', 1, '2023-11-12 13:18:47', '', '2023-01-01 00:00:00', ''),
	(192, 'J23000140', 1, 0, 9, 'Order Type', 'select', 150, 'center', '', 2, '', '', 1, '2023-11-12 13:18:47', '', '2023-01-01 00:00:00', ''),
	(193, 'J23000140', 1, 0, 1, 'Order date', 'date', 150, 'center', '', 3, '', '', 1, '2023-11-12 13:18:47', '', '2023-01-01 00:00:00', ''),
	(194, 'J23000140', 1, 0, 2, 'Order Time', 'time', 150, 'center', '', 4, '', '', 1, '2023-11-12 13:18:47', '', '2023-01-01 00:00:00', ''),
	(195, 'J23000140', 1, 0, 10, 'Stop Loss', 'number', 150, 'center', '$', 5, '', '', 1, '2023-11-12 13:18:47', '', '2023-01-01 00:00:00', ''),
	(196, 'J23000140', 1, 0, 11, 'Reward (RR)', 'number', 150, 'center', '', 6, '', '', 1, '2023-11-12 13:18:47', '', '2023-01-01 00:00:00', ''),
	(197, 'J23000140', 1, 0, 6, 'Profit', 'formula', 150, 'center', '$', 7, '$f10 * $f11', '', 1, '2023-11-12 13:18:47', '', '2023-01-01 00:00:00', ''),
	(198, 'J23000140', 1, 0, 3, 'Close Date', 'date', 150, 'center', '', 8, '', '', 1, '2023-11-12 13:18:47', '', '2023-01-01 00:00:00', ''),
	(199, 'J23000140', 1, 0, 4, 'Close Time', 'time', 150, 'center', '', 9, '', '', 1, '2023-11-12 13:18:47', '', '2023-01-01 00:00:00', ''),
	(200, 'J23000140', 1, 0, 5, 'Avg Hour', 'formula', 150, 'center', ' hour', 10, '($f3 != \'\' && $f4 != \'\') ? (int)abs((strtotime($f3.\' \'.$f4) - strtotime($f1.\' \'.$f2)) / (60 * 60)) : 0', '', 1, '2023-11-12 13:18:47', '', '2023-01-01 00:00:00', ''),
	(201, 'J23000140', 1, 0, 7, 'Status', 'formula', 150, 'center', '', 11, '(($f10 * $f11) < 0)? \'<div class=bg-loss>LOSS</div>\':\'<div class=bg-win>WIN</div>\'', '', 1, '2023-11-12 13:18:47', '', '2023-01-01 00:00:00', ''),
	(202, 'J23000140', 1, 0, 12, 'Setups', 'select', 150, 'center', '', 12, '', '', 1, '2023-11-12 13:18:47', '', '2023-01-01 00:00:00', ''),
	(203, 'J23000140', 1, 0, 13, 'Trader Person', 'user', 150, 'center', '', 13, '', '', 1, '2023-11-12 13:18:47', '', '2023-01-01 00:00:00', ''),
	(204, 'J23000140', 12, 0, 14, 'Photo', 'image', 150, 'center', '', 14, '', '', 1, '2023-11-12 13:18:47', '', '2023-01-01 00:00:00', ''),
	(205, 'J23000140', 1, 0, 15, 'Description', 'text', 150, 'center', '', 15, '', '', 1, '2023-11-12 13:18:47', '', '2023-01-01 00:00:00', ''),
	(206, 'J23000141', 1, 0, 8, 'Market', 'select', 150, 'center', '', 1, '', '', 1, '2023-11-14 18:00:36', '', '2023-11-14 18:26:37', '231020.000013'),
	(207, 'J23000141', 1, 0, 9, 'Order Type', 'select', 150, 'center', '', 3, '', '', 1, '2023-11-14 18:00:36', '', '2023-11-14 18:26:37', '231020.000013'),
	(208, 'J23000141', 1, 0, 1, 'Order date', 'date', 150, 'center', '', 4, '', '', 1, '2023-11-14 18:00:36', '', '2023-11-14 18:26:37', '231020.000013'),
	(209, 'J23000141', 1, 0, 2, 'Order Time', 'time', 150, 'center', '', 5, '', '', 1, '2023-11-14 18:00:36', '', '2023-11-14 18:26:37', '231020.000013'),
	(210, 'J23000141', 1, 0, 10, 'Stop Loss', 'number', 150, 'center', '$', 6, '', '', 1, '2023-11-14 18:00:36', '', '2023-11-14 18:26:37', '231020.000013'),
	(211, 'J23000141', 1, 0, 11, 'Reward (RR)', 'number', 150, 'center', '', 7, '', '', 1, '2023-11-14 18:00:36', '', '2023-11-14 18:26:37', '231020.000013'),
	(212, 'J23000141', 1, 0, 6, 'Profit', 'formula', 150, 'center', '$', 8, '$f10 * $f11', '', 1, '2023-11-14 18:00:36', '', '2023-11-14 18:26:37', '231020.000013'),
	(213, 'J23000141', 1, 0, 3, 'Close Date', 'date', 150, 'center', '', 9, '', '', 1, '2023-11-14 18:00:36', '', '2023-11-14 18:26:37', '231020.000013'),
	(214, 'J23000141', 1, 0, 4, 'Close Time', 'time', 150, 'center', '', 10, '', '', 1, '2023-11-14 18:00:36', '', '2023-11-14 18:26:37', '231020.000013'),
	(215, 'J23000141', 1, 0, 5, 'Avg Hour', 'formula', 150, 'center', ' hour', 11, '($f3 != \'\' && $f4 != \'\') ? (int)abs((strtotime($f3.\' \'.$f4) - strtotime($f1.\' \'.$f2)) / (60 * 60)) : 0', '', 1, '2023-11-14 18:00:36', '', '2023-11-14 18:26:37', '231020.000013'),
	(216, 'J23000141', 1, 0, 7, 'Status', 'formula', 150, 'center', '', 2, '(($f10 * $f11) < 0)? \'<div class=bg-loss>LOSS</div>\':\'<div class=bg-win>WIN</div>\'', '', 1, '2023-11-14 18:00:36', '', '2023-11-14 18:26:37', '231020.000013'),
	(217, 'J23000141', 1, 0, 12, 'Setups', 'select', 150, 'center', '', 12, '', '', 1, '2023-11-14 18:00:36', '', '2023-11-14 18:26:37', '231020.000013'),
	(218, 'J23000141', 1, 0, 13, 'Trader Person', 'user', 150, 'center', '', 13, '', '', 1, '2023-11-14 18:00:36', '', '2023-11-14 18:26:37', '231020.000013'),
	(219, 'J23000141', 12, 0, 14, 'Photo', 'image', 150, 'center', '', 14, '', '', 1, '2023-11-14 18:00:36', '', '2023-11-14 18:26:37', '231020.000013'),
	(220, 'J23000141', 1, 0, 15, 'Description', 'text', 150, 'center', '', 15, '', '', 1, '2023-11-14 18:00:36', '', '2023-11-14 18:26:37', '231020.000013');

-- Dumping structure for table app1.mirrel.com.journal_detail
CREATE TABLE IF NOT EXISTS `journal_detail` (
  `id` int NOT NULL AUTO_INCREMENT,
  `hr` int NOT NULL DEFAULT '0',
  `journalId` varchar(50) COLLATE utf8mb3_unicode_ci NOT NULL DEFAULT '',
  `archives` int NOT NULL DEFAULT '0',
  `presence` int NOT NULL DEFAULT '1',
  `sorting` int NOT NULL DEFAULT '9999',
  `ilock` int NOT NULL DEFAULT '0',
  `f1` text COLLATE utf8mb3_unicode_ci NOT NULL,
  `f2` text COLLATE utf8mb3_unicode_ci NOT NULL,
  `f3` text COLLATE utf8mb3_unicode_ci NOT NULL,
  `f4` text COLLATE utf8mb3_unicode_ci NOT NULL,
  `f5` text COLLATE utf8mb3_unicode_ci NOT NULL,
  `f6` text COLLATE utf8mb3_unicode_ci NOT NULL,
  `f7` text COLLATE utf8mb3_unicode_ci NOT NULL,
  `f8` text COLLATE utf8mb3_unicode_ci NOT NULL,
  `f9` text COLLATE utf8mb3_unicode_ci NOT NULL,
  `f10` text COLLATE utf8mb3_unicode_ci NOT NULL,
  `f11` text COLLATE utf8mb3_unicode_ci NOT NULL,
  `f12` text COLLATE utf8mb3_unicode_ci NOT NULL,
  `f13` text COLLATE utf8mb3_unicode_ci NOT NULL,
  `f14` text COLLATE utf8mb3_unicode_ci NOT NULL,
  `f15` text COLLATE utf8mb3_unicode_ci NOT NULL,
  `f16` text COLLATE utf8mb3_unicode_ci NOT NULL,
  `f17` text COLLATE utf8mb3_unicode_ci NOT NULL,
  `f18` text COLLATE utf8mb3_unicode_ci NOT NULL,
  `f19` text COLLATE utf8mb3_unicode_ci NOT NULL,
  `f20` text COLLATE utf8mb3_unicode_ci NOT NULL,
  `f21` text COLLATE utf8mb3_unicode_ci NOT NULL,
  `f22` text COLLATE utf8mb3_unicode_ci NOT NULL,
  `f23` text COLLATE utf8mb3_unicode_ci NOT NULL,
  `f24` text COLLATE utf8mb3_unicode_ci NOT NULL,
  `f25` text COLLATE utf8mb3_unicode_ci NOT NULL,
  `f26` text COLLATE utf8mb3_unicode_ci NOT NULL,
  `f27` text COLLATE utf8mb3_unicode_ci NOT NULL,
  `f28` text COLLATE utf8mb3_unicode_ci NOT NULL,
  `f29` text COLLATE utf8mb3_unicode_ci NOT NULL,
  `f30` text COLLATE utf8mb3_unicode_ci NOT NULL,
  `f31` text COLLATE utf8mb3_unicode_ci NOT NULL,
  `f32` text COLLATE utf8mb3_unicode_ci NOT NULL,
  `input_date` datetime NOT NULL DEFAULT '2023-01-01 00:00:00',
  `input_by` varchar(50) COLLATE utf8mb3_unicode_ci NOT NULL DEFAULT '',
  `update_date` datetime NOT NULL DEFAULT '2023-01-01 00:00:00',
  `update_by` varchar(50) COLLATE utf8mb3_unicode_ci NOT NULL DEFAULT '',
  PRIMARY KEY (`id`) USING BTREE
) ENGINE=InnoDB AUTO_INCREMENT=656 DEFAULT CHARSET=utf8mb3 COLLATE=utf8mb3_unicode_ci;

-- Dumping data for table app1.mirrel.com.journal_detail: ~250 rows (approximately)
INSERT INTO `journal_detail` (`id`, `hr`, `journalId`, `archives`, `presence`, `sorting`, `ilock`, `f1`, `f2`, `f3`, `f4`, `f5`, `f6`, `f7`, `f8`, `f9`, `f10`, `f11`, `f12`, `f13`, `f14`, `f15`, `f16`, `f17`, `f18`, `f19`, `f20`, `f21`, `f22`, `f23`, `f24`, `f25`, `f26`, `f27`, `f28`, `f29`, `f30`, `f31`, `f32`, `input_date`, `input_by`, `update_date`, `update_by`) VALUES
	(406, 0, 'J23000136', 0, 1, 1, 0, '2023-01-20', '05:00', '2023-01-23', '05:00', '', '', '', '171', '185', '22', '3', '187', '', '', '', '195', '', '', '', '', '', '', '', '', '', '', '', '', '', '', '', '', '2023-10-22 16:27:52', '231020.000013', '2023-10-22 16:59:58', '231020.000013'),
	(407, 0, 'J23000136', 0, 1, 1, 0, '2023-01-06', '21:00', '2023-01-09', '21:00', '', '', '', '172', '185', '64', '3', '187', '', '', '', '192', '', '', '', '', '', '', '', '', '', '', '', '', '', '', '', '', '2023-10-22 16:27:52', '231020.000013', '2023-10-22 17:32:50', '231020.000013'),
	(408, 0, 'J23000136', 0, 1, 1, 0, '2023-01-04', '09:00', '2023-01-05', '17:00', '', '', '', '174', '185', '38', '-1', '187', '', '', '', '194', '', '', '', '', '', '', '', '', '', '', '', '', '', '', '', '', '2023-10-22 16:27:52', '231020.000013', '2023-10-22 17:06:29', '231020.000013'),
	(409, 0, 'J23000136', 0, 1, 1, 0, '2023-01-06', '21:00', '2023-01-09', '09:00', '', '', '', '174', '185', '31', '3', '187', '', '', '', '192', '', '', '', '', '', '', '', '', '', '', '', '', '', '', '', '', '2023-10-22 16:27:52', '231020.000013', '2023-10-22 17:06:27', '231020.000013'),
	(410, 0, 'J23000136', 0, 1, 1, 0, '2023-01-27', '09:00', '2023-02-02', '17:00', '', '', '', '178', '186', '71', '3', '187', '', '', '', '192', '', '', '', '', '', '', '', '', '', '', '', '', '', '', '', '', '2023-10-22 16:27:52', '231020.000013', '2023-10-22 17:22:07', '231020.000013'),
	(411, 0, 'J23000136', 0, 1, 1, 0, '2023-01-10', '09:00', '2023-01-12', '21:00', '', '', '', '196', '186', '71', '3', '187', '', '', '', '192', '', '', '', '', '', '', '', '', '', '', '', '', '', '', '', '', '2023-10-22 16:27:52', '231020.000013', '2023-10-22 17:28:30', '231020.000013'),
	(412, 0, 'J23000136', 0, 1, 1, 0, '2023-01-24', '17:00', '2023-01-25', '01:00', '', '', '', '196', '186', '71', '-1', '187', '', '', '', '192', '', '', '', '', '', '', '', '', '', '', '', '', '', '', '', '', '2023-10-22 16:27:52', '231020.000013', '2023-10-22 17:32:27', '231020.000013'),
	(413, 0, 'J23000136', 0, 1, 7, 0, '2023-01-06', '21:00', '2023-01-12', '17:00', '', '', '', '180', '186', '103', '3', '187', '', '', '', '192', '', '', '', '', '', '', '', '', '', '', '', '', '', '', '', '', '2023-10-22 17:36:18', '231020.000013', '2023-10-22 17:37:39', '231020.000013'),
	(414, 0, 'J23000137', 0, 1, 9999, 0, '2023-04-20', '1:17', '2023-04-20', '20:41', '', '', '', '201', '212', '36', '3', '217', '', '', '', '', '', '', '', '', '', '', '', '', '', '', '', '', '', '', '', '', '2023-01-01 00:00:00', '', '2023-01-01 00:00:00', ''),
	(415, 0, 'J23000137', 0, 1, 9999, 0, '2023-09-10', '5:42', '2023-09-10', '23:16', '', '', '', '207', '212', '50', '4', '215', '', '', '', '', '', '', '', '', '', '', '', '', '', '', '', '', '', '', '', '', '2023-01-01 00:00:00', '', '2023-01-01 00:00:00', ''),
	(416, 0, 'J23000137', 0, 1, 9999, 0, '2023-09-20', '10:56', '2023-09-20', '18:34', '', '', '', '197', '211', '56', '-1', '214', '', '', '', '', '', '', '', '', '', '', '', '', '', '', '', '', '', '', '', '', '2023-01-01 00:00:00', '', '2023-01-01 00:00:00', ''),
	(417, 0, 'J23000137', 0, 1, 9999, 0, '2023-10-13', '1:12', '2023-10-13', '16:25', '', '', '', '208', '212', '33', '-1', '213', '', '', '', '', '', '', '', '', '', '', '', '', '', '', '', '', '', '', '', '', '2023-01-01 00:00:00', '', '2023-01-01 00:00:00', ''),
	(418, 0, 'J23000137', 0, 1, 9999, 0, '2023-02-07', '2:55', '2023-02-07', '23:19', '', '', '', '197', '211', '32', '-1', '216', '', '', '', '', '', '', '', '', '', '', '', '', '', '', '', '', '', '', '', '', '2023-01-01 00:00:00', '', '2023-01-01 00:00:00', ''),
	(419, 0, 'J23000137', 0, 1, 9999, 0, '2023-02-17', '2:25', '2023-02-17', '16:56', '', '', '', '206', '211', '41', '-1', '214', '', '', '', '', '', '', '', '', '', '', '', '', '', '', '', '', '', '', '', '', '2023-01-01 00:00:00', '', '2023-01-01 00:00:00', ''),
	(420, 0, 'J23000137', 0, 1, 9999, 0, '2023-11-29', '10:28', '2023-11-29', '12:22', '', '', '', '203', '212', '37', '-1', '214', '', '', '', '', '', '', '', '', '', '', '', '', '', '', '', '', '', '', '', '', '2023-01-01 00:00:00', '', '2023-01-01 00:00:00', ''),
	(421, 0, 'J23000137', 0, 1, 9999, 0, '2023-09-25', '3:23', '2023-09-25', '15:32', '', '', '', '207', '212', '33', '-1', '216', '', '', '', '', '', '', '', '', '', '', '', '', '', '', '', '', '', '', '', '', '2023-01-01 00:00:00', '', '2023-01-01 00:00:00', ''),
	(422, 0, 'J23000137', 0, 1, 9999, 0, '2023-01-12', '3:15', '2023-01-12', '22:1', '', '', '', '207', '211', '50', '3', '217', '', '', '', '', '', '', '', '', '', '', '', '', '', '', '', '', '', '', '', '', '2023-01-01 00:00:00', '', '2023-01-01 00:00:00', ''),
	(423, 0, 'J23000137', 0, 1, 9999, 0, '2023-10-31', '8:39', '2023-10-31', '14:37', '', '', '', '204', '211', '40', '4', '214', '', '', '', '', '', '', '', '', '', '', '', '', '', '', '', '', '', '', '', '', '2023-01-01 00:00:00', '', '2023-01-01 00:00:00', ''),
	(424, 0, 'J23000137', 0, 1, 9999, 0, '2023-01-31', '8:7', '2023-01-31', '17:58', '', '', '', '198', '211', '43', '-1', '214', '', '', '', '', '', '', '', '', '', '', '', '', '', '', '', '', '', '', '', '', '2023-01-01 00:00:00', '', '2023-01-01 00:00:00', ''),
	(425, 0, 'J23000137', 0, 1, 9999, 0, '2023-12-02', '8:3', '2023-12-02', '15:29', '', '', '', '199', '211', '59', '-1', '214', '', '', '', '', '', '', '', '', '', '', '', '', '', '', '', '', '', '', '', '', '2023-01-01 00:00:00', '', '2023-01-01 00:00:00', ''),
	(426, 0, 'J23000137', 0, 1, 9999, 0, '2023-01-19', '10:24', '2023-01-19', '14:30', '', '', '', '199', '211', '34', '-1', '213', '', '', '', '', '', '', '', '', '', '', '', '', '', '', '', '', '', '', '', '', '2023-01-01 00:00:00', '', '2023-01-01 00:00:00', ''),
	(427, 0, 'J23000137', 0, 1, 9999, 0, '2023-11-16', '8:33', '2023-11-16', '17:19', '', '', '', '209', '212', '51', '-1', '214', '', '', '', '', '', '', '', '', '', '', '', '', '', '', '', '', '', '', '', '', '2023-01-01 00:00:00', '', '2023-01-01 00:00:00', ''),
	(428, 0, 'J23000137', 0, 1, 9999, 0, '2023-08-01', '6:21', '2023-08-01', '23:12', '', '', '', '205', '211', '35', '-1', '217', '', '', '', '', '', '', '', '', '', '', '', '', '', '', '', '', '', '', '', '', '2023-01-01 00:00:00', '', '2023-01-01 00:00:00', ''),
	(429, 0, 'J23000137', 0, 1, 9999, 0, '2023-05-12', '4:36', '2023-05-12', '14:13', '', '', '', '203', '212', '42', '4', '216', '', '', '', '', '', '', '', '', '', '', '', '', '', '', '', '', '', '', '', '', '2023-01-01 00:00:00', '', '2023-01-01 00:00:00', ''),
	(430, 0, 'J23000137', 0, 1, 9999, 0, '2023-10-11', '7:40', '2023-10-11', '23:56', '', '', '', '209', '212', '53', '4', '217', '', '', '', '', '', '', '', '', '', '', '', '', '', '', '', '', '', '', '', '', '2023-01-01 00:00:00', '', '2023-01-01 00:00:00', ''),
	(431, 0, 'J23000137', 0, 1, 9999, 0, '2023-07-04', '6:27', '2023-07-04', '18:6', '', '', '', '200', '211', '56', '-1', '215', '', '', '', '', '', '', '', '', '', '', '', '', '', '', '', '', '', '', '', '', '2023-01-01 00:00:00', '', '2023-01-01 00:00:00', ''),
	(432, 0, 'J23000137', 0, 1, 9999, 0, '2023-02-08', '2:56', '2023-02-08', '20:11', '', '', '', '204', '212', '45', '-1', '216', '', '', '', '', '', '', '', '', '', '', '', '', '', '', '', '', '', '', '', '', '2023-01-01 00:00:00', '', '2023-01-01 00:00:00', ''),
	(433, 0, 'J23000137', 0, 1, 9999, 0, '2023-04-19', '10:14', '2023-04-19', '15:38', '', '', '', '200', '212', '53', '-1', '215', '', '', '', '', '', '', '', '', '', '', '', '', '', '', '', '', '', '', '', '', '2023-01-01 00:00:00', '', '2023-01-01 00:00:00', ''),
	(434, 0, 'J23000137', 0, 1, 9999, 0, '2023-02-16', '5:40', '2023-02-16', '12:30', '', '', '', '210', '211', '44', '-1', '216', '', '', '', '', '', '', '', '', '', '', '', '', '', '', '', '', '', '', '', '', '2023-01-01 00:00:00', '', '2023-01-01 00:00:00', ''),
	(435, 0, 'J23000137', 0, 1, 9999, 0, '2023-04-27', '6:5', '2023-04-27', '20:2', '', '', '', '206', '211', '49', '-1', '217', '', '', '', '', '', '', '', '', '', '', '', '', '', '', '', '', '', '', '', '', '2023-01-01 00:00:00', '', '2023-01-01 00:00:00', ''),
	(436, 0, 'J23000137', 0, 1, 9999, 0, '2023-12-19', '5:44', '2023-12-19', '24:30', '', '', '', '200', '212', '41', '-1', '217', '', '', '', '', '', '', '', '', '', '', '', '', '', '', '', '', '', '', '', '', '2023-01-01 00:00:00', '', '2023-01-01 00:00:00', ''),
	(437, 0, 'J23000137', 0, 1, 9999, 0, '2023-10-26', '3:45', '2023-10-26', '22:37', '', '', '', '201', '211', '40', '-1', '214', '', '', '', '', '', '', '', '', '', '', '', '', '', '', '', '', '', '', '', '', '2023-01-01 00:00:00', '', '2023-01-01 00:00:00', ''),
	(438, 0, 'J23000137', 0, 1, 9999, 0, '2023-08-16', '5:2', '2023-08-16', '24:4', '', '', '', '201', '211', '39', '3', '214', '', '', '', '', '', '', '', '', '', '', '', '', '', '', '', '', '', '', '', '', '2023-01-01 00:00:00', '', '2023-01-01 00:00:00', ''),
	(439, 0, 'J23000137', 0, 1, 9999, 0, '2023-09-29', '2:55', '2023-09-29', '14:46', '', '', '', '206', '211', '49', '-1', '215', '', '', '', '', '', '', '', '', '', '', '', '', '', '', '', '', '', '', '', '', '2023-01-01 00:00:00', '', '2023-01-01 00:00:00', ''),
	(440, 0, 'J23000137', 0, 1, 9999, 0, '2023-02-19', '7:4', '2023-02-19', '13:7', '', '', '', '200', '212', '45', '3', '213', '', '', '', '', '', '', '', '', '', '', '', '', '', '', '', '', '', '', '', '', '2023-01-01 00:00:00', '', '2023-01-01 00:00:00', ''),
	(441, 0, 'J23000137', 0, 1, 9999, 0, '2023-02-07', '4:0', '2023-02-07', '13:17', '', '', '', '206', '211', '41', '-1', '216', '', '', '', '', '', '', '', '', '', '', '', '', '', '', '', '', '', '', '', '', '2023-01-01 00:00:00', '', '2023-01-01 00:00:00', ''),
	(442, 0, 'J23000137', 0, 1, 9999, 0, '2023-07-01', '8:7', '2023-07-01', '24:59', '', '', '', '206', '211', '59', '-1', '216', '', '', '', '', '', '', '', '', '', '', '', '', '', '', '', '', '', '', '', '', '2023-01-01 00:00:00', '', '2023-01-01 00:00:00', ''),
	(443, 0, 'J23000137', 0, 1, 9999, 0, '2023-10-31', '11:36', '2023-10-31', '12:8', '', '', '', '207', '212', '46', '3', '216', '', '', '', '', '', '', '', '', '', '', '', '', '', '', '', '', '', '', '', '', '2023-01-01 00:00:00', '', '2023-01-01 00:00:00', ''),
	(444, 0, 'J23000137', 0, 1, 9999, 0, '2023-06-17', '7:5', '2023-06-17', '22:44', '', '', '', '209', '211', '32', '-1', '213', '', '', '', '', '', '', '', '', '', '', '', '', '', '', '', '', '', '', '', '', '2023-01-01 00:00:00', '', '2023-01-01 00:00:00', ''),
	(445, 0, 'J23000137', 0, 1, 9999, 0, '2023-11-03', '8:47', '2023-11-03', '23:24', '', '', '', '210', '211', '60', '-1', '217', '', '', '', '', '', '', '', '', '', '', '', '', '', '', '', '', '', '', '', '', '2023-01-01 00:00:00', '', '2023-01-01 00:00:00', ''),
	(446, 0, 'J23000137', 0, 1, 9999, 0, '2023-02-13', '4:25', '2023-02-13', '21:40', '', '', '', '202', '212', '53', '3', '215', '', '', '', '', '', '', '', '', '', '', '', '', '', '', '', '', '', '', '', '', '2023-01-01 00:00:00', '', '2023-01-01 00:00:00', ''),
	(447, 0, 'J23000137', 0, 1, 9999, 0, '2023-12-04', '10:50', '2023-12-04', '23:49', '', '', '', '199', '212', '54', '-1', '214', '', '', '', '', '', '', '', '', '', '', '', '', '', '', '', '', '', '', '', '', '2023-01-01 00:00:00', '', '2023-01-01 00:00:00', ''),
	(448, 0, 'J23000137', 0, 1, 9999, 0, '2023-09-05', '5:19', '2023-09-05', '15:19', '', '', '', '201', '212', '53', '-1', '214', '', '', '', '', '', '', '', '', '', '', '', '', '', '', '', '', '', '', '', '', '2023-01-01 00:00:00', '', '2023-01-01 00:00:00', ''),
	(449, 0, 'J23000137', 0, 1, 9999, 0, '2023-06-18', '3:16', '2023-06-18', '20:20', '', '', '', '208', '212', '49', '-1', '217', '', '', '', '', '', '', '', '', '', '', '', '', '', '', '', '', '', '', '', '', '2023-01-01 00:00:00', '', '2023-01-01 00:00:00', ''),
	(450, 0, 'J23000137', 0, 1, 9999, 0, '2023-04-11', '2:13', '2023-04-11', '24:52', '', '', '', '197', '212', '41', '4', '217', '', '', '', '', '', '', '', '', '', '', '', '', '', '', '', '', '', '', '', '', '2023-01-01 00:00:00', '', '2023-01-01 00:00:00', ''),
	(451, 0, 'J23000137', 0, 1, 9999, 0, '2023-09-14', '9:56', '2023-09-14', '19:39', '', '', '', '199', '212', '33', '-1', '214', '', '', '', '', '', '', '', '', '', '', '', '', '', '', '', '', '', '', '', '', '2023-01-01 00:00:00', '', '2023-01-01 00:00:00', ''),
	(452, 0, 'J23000137', 0, 1, 9999, 0, '2023-04-19', '11:4', '2023-04-19', '20:51', '', '', '', '208', '212', '30', '3', '216', '', '', '', '', '', '', '', '', '', '', '', '', '', '', '', '', '', '', '', '', '2023-01-01 00:00:00', '', '2023-01-01 00:00:00', ''),
	(453, 0, 'J23000137', 0, 1, 9999, 0, '2023-04-10', '2:45', '2023-04-10', '20:56', '', '', '', '203', '211', '50', '-1', '215', '', '', '', '', '', '', '', '', '', '', '', '', '', '', '', '', '', '', '', '', '2023-01-01 00:00:00', '', '2023-01-01 00:00:00', ''),
	(454, 0, 'J23000137', 0, 1, 9999, 0, '2023-07-11', '8:51', '2023-07-11', '13:22', '', '', '', '209', '211', '47', '3', '216', '', '', '', '', '', '', '', '', '', '', '', '', '', '', '', '', '', '', '', '', '2023-01-01 00:00:00', '', '2023-01-01 00:00:00', ''),
	(455, 0, 'J23000137', 0, 1, 9999, 0, '2023-08-16', '4:16', '2023-08-16', '13:35', '', '', '', '199', '212', '56', '3', '217', '', '', '', '', '', '', '', '', '', '', '', '', '', '', '', '', '', '', '', '', '2023-01-01 00:00:00', '', '2023-01-01 00:00:00', ''),
	(456, 0, 'J23000137', 0, 1, 9999, 0, '2023-07-21', '3:49', '2023-07-21', '24:11', '', '', '', '201', '211', '33', '4', '214', '', '', '', '', '', '', '', '', '', '', '', '', '', '', '', '', '', '', '', '', '2023-01-01 00:00:00', '', '2023-01-01 00:00:00', ''),
	(457, 0, 'J23000137', 0, 1, 9999, 0, '2023-07-05', '2:35', '2023-07-05', '20:52', '', '', '', '198', '212', '46', '-1', '214', '', '', '', '', '', '', '', '', '', '', '', '', '', '', '', '', '', '', '', '', '2023-01-01 00:00:00', '', '2023-01-01 00:00:00', ''),
	(458, 0, 'J23000137', 0, 1, 9999, 0, '2023-05-10', '2:4', '2023-05-10', '16:37', '', '', '', '204', '212', '57', '-1', '217', '', '', '', '', '', '', '', '', '', '', '', '', '', '', '', '', '', '', '', '', '2023-01-01 00:00:00', '', '2023-01-01 00:00:00', ''),
	(459, 0, 'J23000137', 0, 1, 9999, 0, '2023-11-25', '11:37', '2023-11-25', '23:57', '', '', '', '206', '211', '55', '-1', '213', '', '', '', '', '', '', '', '', '', '', '', '', '', '', '', '', '', '', '', '', '2023-01-01 00:00:00', '', '2023-01-01 00:00:00', ''),
	(460, 0, 'J23000137', 0, 1, 9999, 0, '2023-02-22', '9:53', '2023-02-22', '12:32', '', '', '', '206', '211', '47', '-1', '216', '', '', '', '', '', '', '', '', '', '', '', '', '', '', '', '', '', '', '', '', '2023-01-01 00:00:00', '', '2023-01-01 00:00:00', ''),
	(461, 0, 'J23000137', 0, 1, 9999, 0, '2023-08-19', '2:28', '2023-08-19', '21:17', '', '', '', '197', '212', '47', '-1', '216', '', '', '', '', '', '', '', '', '', '', '', '', '', '', '', '', '', '', '', '', '2023-01-01 00:00:00', '', '2023-01-01 00:00:00', ''),
	(462, 0, 'J23000137', 0, 1, 9999, 0, '2023-03-29', '5:27', '2023-03-29', '15:2', '', '', '', '210', '212', '52', '-1', '216', '', '', '', '', '', '', '', '', '', '', '', '', '', '', '', '', '', '', '', '', '2023-01-01 00:00:00', '', '2023-01-01 00:00:00', ''),
	(463, 0, 'J23000137', 0, 1, 9999, 0, '2023-09-27', '8:50', '2023-09-27', '16:43', '', '', '', '204', '212', '42', '3', '215', '', '', '', '', '', '', '', '', '', '', '', '', '', '', '', '', '', '', '', '', '2023-01-01 00:00:00', '', '2023-01-01 00:00:00', ''),
	(464, 0, 'J23000137', 0, 1, 9999, 0, '2023-03-01', '5:11', '2023-03-01', '14:54', '', '', '', '210', '211', '36', '-1', '214', '', '', '', '', '', '', '', '', '', '', '', '', '', '', '', '', '', '', '', '', '2023-01-01 00:00:00', '', '2023-01-01 00:00:00', ''),
	(465, 0, 'J23000137', 0, 1, 9999, 0, '2023-05-09', '8:17', '2023-05-09', '15:27', '', '', '', '204', '212', '30', '3', '213', '', '', '', '', '', '', '', '', '', '', '', '', '', '', '', '', '', '', '', '', '2023-01-01 00:00:00', '', '2023-01-01 00:00:00', ''),
	(466, 0, 'J23000137', 0, 1, 9999, 0, '2023-11-11', '1:2', '2023-11-11', '15:9', '', '', '', '210', '212', '40', '3', '214', '', '', '', '', '', '', '', '', '', '', '', '', '', '', '', '', '', '', '', '', '2023-01-01 00:00:00', '', '2023-01-01 00:00:00', ''),
	(467, 0, 'J23000137', 0, 1, 9999, 0, '2023-04-30', '2:1', '2023-04-30', '15:9', '', '', '', '200', '212', '41', '3', '216', '', '', '', '', '', '', '', '', '', '', '', '', '', '', '', '', '', '', '', '', '2023-01-01 00:00:00', '', '2023-01-01 00:00:00', ''),
	(468, 0, 'J23000137', 0, 1, 9999, 0, '2023-01-15', '8:8', '2023-01-15', '21:24', '', '', '', '198', '211', '34', '-1', '217', '', '', '', '', '', '', '', '', '', '', '', '', '', '', '', '', '', '', '', '', '2023-01-01 00:00:00', '', '2023-01-01 00:00:00', ''),
	(469, 0, 'J23000137', 0, 1, 9999, 0, '2023-07-01', '3:24', '2023-07-01', '18:19', '', '', '', '201', '212', '54', '4', '213', '', '', '', '', '', '', '', '', '', '', '', '', '', '', '', '', '', '', '', '', '2023-01-01 00:00:00', '', '2023-01-01 00:00:00', ''),
	(470, 0, 'J23000137', 0, 1, 9999, 0, '2023-06-30', '4:23', '2023-06-30', '17:45', '', '', '', '197', '211', '53', '-1', '214', '', '', '', '', '', '', '', '', '', '', '', '', '', '', '', '', '', '', '', '', '2023-01-01 00:00:00', '', '2023-01-01 00:00:00', ''),
	(471, 0, 'J23000137', 0, 1, 9999, 0, '2023-10-18', '1:8', '2023-10-18', '14:22', '', '', '', '202', '212', '41', '4', '216', '', '', '', '', '', '', '', '', '', '', '', '', '', '', '', '', '', '', '', '', '2023-01-01 00:00:00', '', '2023-01-01 00:00:00', ''),
	(472, 0, 'J23000137', 0, 1, 9999, 0, '2023-05-16', '2:10', '2023-05-16', '19:15', '', '', '', '210', '211', '44', '3', '215', '', '', '', '', '', '', '', '', '', '', '', '', '', '', '', '', '', '', '', '', '2023-01-01 00:00:00', '', '2023-01-01 00:00:00', ''),
	(473, 0, 'J23000137', 0, 1, 9999, 0, '2023-09-11', '7:15', '2023-09-11', '19:46', '', '', '', '203', '212', '50', '-1', '217', '', '', '', '', '', '', '', '', '', '', '', '', '', '', '', '', '', '', '', '', '2023-01-01 00:00:00', '', '2023-01-01 00:00:00', ''),
	(474, 0, 'J23000137', 0, 1, 9999, 0, '2023-12-16', '4:19', '2023-12-16', '16:53', '', '', '', '198', '211', '58', '-1', '214', '', '', '', '', '', '', '', '', '', '', '', '', '', '', '', '', '', '', '', '', '2023-01-01 00:00:00', '', '2023-01-01 00:00:00', ''),
	(475, 0, 'J23000137', 0, 1, 9999, 0, '2023-10-15', '10:44', '2023-10-15', '20:25', '', '', '', '202', '211', '35', '-1', '216', '', '', '', '', '', '', '', '', '', '', '', '', '', '', '', '', '', '', '', '', '2023-01-01 00:00:00', '', '2023-01-01 00:00:00', ''),
	(476, 0, 'J23000137', 0, 1, 9999, 0, '2023-05-09', '7:43', '2023-05-09', '12:15', '', '', '', '206', '212', '37', '-1', '217', '', '', '', '', '', '', '', '', '', '', '', '', '', '', '', '', '', '', '', '', '2023-01-01 00:00:00', '', '2023-01-01 00:00:00', ''),
	(477, 0, 'J23000137', 0, 1, 9999, 0, '2023-03-28', '8:29', '2023-03-28', '21:35', '', '', '', '199', '212', '52', '4', '213', '', '', '', '', '', '', '', '', '', '', '', '', '', '', '', '', '', '', '', '', '2023-01-01 00:00:00', '', '2023-01-01 00:00:00', ''),
	(478, 0, 'J23000137', 0, 1, 9999, 0, '2023-12-16', '9:30', '2023-12-16', '19:17', '', '', '', '206', '211', '35', '3', '215', '', '', '', '', '', '', '', '', '', '', '', '', '', '', '', '', '', '', '', '', '2023-01-01 00:00:00', '', '2023-01-01 00:00:00', ''),
	(479, 0, 'J23000137', 0, 1, 9999, 0, '2023-07-07', '6:44', '2023-07-07', '22:1', '', '', '', '203', '212', '46', '-1', '216', '', '', '', '', '', '', '', '', '', '', '', '', '', '', '', '', '', '', '', '', '2023-01-01 00:00:00', '', '2023-01-01 00:00:00', ''),
	(480, 0, 'J23000137', 0, 1, 9999, 0, '2023-11-08', '4:30', '2023-11-08', '12:23', '', '', '', '199', '212', '42', '-1', '215', '', '', '', '', '', '', '', '', '', '', '', '', '', '', '', '', '', '', '', '', '2023-01-01 00:00:00', '', '2023-01-01 00:00:00', ''),
	(481, 0, 'J23000137', 0, 1, 9999, 0, '2023-07-04', '2:58', '2023-07-04', '16:56', '', '', '', '208', '211', '56', '-1', '214', '', '', '', '', '', '', '', '', '', '', '', '', '', '', '', '', '', '', '', '', '2023-01-01 00:00:00', '', '2023-01-01 00:00:00', ''),
	(482, 0, 'J23000137', 0, 1, 9999, 0, '2023-11-28', '7:48', '2023-11-28', '14:14', '', '', '', '203', '211', '41', '-1', '215', '', '', '', '', '', '', '', '', '', '', '', '', '', '', '', '', '', '', '', '', '2023-01-01 00:00:00', '', '2023-01-01 00:00:00', ''),
	(483, 0, 'J23000137', 0, 1, 9999, 0, '2023-12-04', '6:50', '2023-12-04', '15:37', '', '', '', '210', '212', '36', '3', '216', '', '', '', '', '', '', '', '', '', '', '', '', '', '', '', '', '', '', '', '', '2023-01-01 00:00:00', '', '2023-01-01 00:00:00', ''),
	(484, 0, 'J23000137', 0, 1, 9999, 0, '2023-03-28', '5:2', '2023-03-28', '19:44', '', '', '', '209', '211', '52', '3', '217', '', '', '', '', '', '', '', '', '', '', '', '', '', '', '', '', '', '', '', '', '2023-01-01 00:00:00', '', '2023-01-01 00:00:00', ''),
	(485, 0, 'J23000137', 0, 1, 9999, 0, '2023-06-30', '9:11', '2023-06-30', '19:11', '', '', '', '203', '211', '44', '3', '217', '', '', '', '', '', '', '', '', '', '', '', '', '', '', '', '', '', '', '', '', '2023-01-01 00:00:00', '', '2023-01-01 00:00:00', ''),
	(486, 0, 'J23000137', 0, 1, 9999, 0, '2023-02-17', '10:28', '2023-02-17', '14:51', '', '', '', '205', '211', '57', '-1', '217', '', '', '', '', '', '', '', '', '', '', '', '', '', '', '', '', '', '', '', '', '2023-01-01 00:00:00', '', '2023-01-01 00:00:00', ''),
	(487, 0, 'J23000137', 0, 1, 9999, 0, '2023-08-14', '5:37', '2023-08-14', '16:5', '', '', '', '197', '212', '44', '-1', '213', '', '', '', '', '', '', '', '', '', '', '', '', '', '', '', '', '', '', '', '', '2023-01-01 00:00:00', '', '2023-01-01 00:00:00', ''),
	(488, 0, 'J23000137', 0, 1, 9999, 0, '2023-12-13', '2:39', '2023-12-13', '16:11', '', '', '', '209', '212', '49', '-1', '213', '', '', '', '', '', '', '', '', '', '', '', '', '', '', '', '', '', '', '', '', '2023-01-01 00:00:00', '', '2023-01-01 00:00:00', ''),
	(489, 0, 'J23000137', 0, 1, 9999, 0, '2023-07-04', '6:34', '2023-07-04', '19:55', '', '', '', '199', '211', '35', '3', '217', '', '', '', '', '', '', '', '', '', '', '', '', '', '', '', '', '', '', '', '', '2023-01-01 00:00:00', '', '2023-01-01 00:00:00', ''),
	(490, 0, 'J23000137', 0, 1, 9999, 0, '2023-02-17', '8:21', '2023-02-17', '16:56', '', '', '', '206', '211', '36', '4', '216', '', '', '', '', '', '', '', '', '', '', '', '', '', '', '', '', '', '', '', '', '2023-01-01 00:00:00', '', '2023-01-01 00:00:00', ''),
	(491, 0, 'J23000137', 0, 1, 9999, 0, '2023-09-21', '5:51', '2023-09-21', '17:6', '', '', '', '205', '211', '35', '4', '214', '', '', '', '', '', '', '', '', '', '', '', '', '', '', '', '', '', '', '', '', '2023-01-01 00:00:00', '', '2023-01-01 00:00:00', ''),
	(492, 0, 'J23000137', 0, 1, 9999, 0, '2023-02-14', '4:8', '2023-02-14', '18:45', '', '', '', '199', '212', '47', '3', '217', '', '', '', '', '', '', '', '', '', '', '', '', '', '', '', '', '', '', '', '', '2023-01-01 00:00:00', '', '2023-01-01 00:00:00', ''),
	(493, 0, 'J23000137', 0, 1, 9999, 0, '2023-06-27', '1:9', '2023-06-27', '21:43', '', '', '', '205', '211', '57', '-1', '214', '', '', '', '', '', '', '', '', '', '', '', '', '', '', '', '', '', '', '', '', '2023-01-01 00:00:00', '', '2023-01-01 00:00:00', ''),
	(494, 0, 'J23000137', 0, 1, 9999, 0, '2023-05-09', '5:44', '2023-05-09', '15:31', '', '', '', '204', '212', '45', '4', '214', '', '', '', '', '', '', '', '', '', '', '', '', '', '', '', '', '', '', '', '', '2023-01-01 00:00:00', '', '2023-01-01 00:00:00', ''),
	(495, 0, 'J23000137', 0, 1, 9999, 0, '2023-03-10', '4:11', '2023-03-10', '19:13', '', '', '', '203', '211', '46', '-1', '214', '', '', '', '', '', '', '', '', '', '', '', '', '', '', '', '', '', '', '', '', '2023-01-01 00:00:00', '', '2023-01-01 00:00:00', ''),
	(496, 0, 'J23000137', 0, 1, 9999, 0, '2023-05-16', '10:34', '2023-05-16', '13:38', '', '', '', '198', '211', '33', '-1', '214', '', '', '', '', '', '', '', '', '', '', '', '', '', '', '', '', '', '', '', '', '2023-01-01 00:00:00', '', '2023-01-01 00:00:00', ''),
	(497, 0, 'J23000137', 0, 1, 9999, 0, '2023-04-16', '1:31', '2023-04-16', '20:31', '', '', '', '198', '211', '56', '-1', '217', '', '', '', '', '', '', '', '', '', '', '', '', '', '', '', '', '', '', '', '', '2023-01-01 00:00:00', '', '2023-01-01 00:00:00', ''),
	(498, 0, 'J23000137', 0, 1, 9999, 0, '2023-10-18', '8:53', '2023-10-18', '14:33', '', '', '', '201', '211', '42', '-1', '217', '', '', '', '', '', '', '', '', '', '', '', '', '', '', '', '', '', '', '', '', '2023-01-01 00:00:00', '', '2023-01-01 00:00:00', ''),
	(499, 0, 'J23000137', 0, 1, 9999, 0, '2023-10-13', '5:47', '2023-10-13', '12:38', '', '', '', '204', '211', '54', '-1', '213', '', '', '', '', '', '', '', '', '', '', '', '', '', '', '', '', '', '', '', '', '2023-01-01 00:00:00', '', '2023-01-01 00:00:00', ''),
	(500, 0, 'J23000137', 0, 1, 9999, 0, '2023-09-06', '1:24', '2023-09-06', '21:53', '', '', '', '202', '212', '59', '-1', '213', '', '', '', '', '', '', '', '', '', '', '', '', '', '', '', '', '', '', '', '', '2023-01-01 00:00:00', '', '2023-01-01 00:00:00', ''),
	(501, 0, 'J23000137', 0, 1, 9999, 0, '2023-03-21', '3:9', '2023-03-21', '15:24', '', '', '', '205', '211', '37', '4', '215', '', '', '', '', '', '', '', '', '', '', '', '', '', '', '', '', '', '', '', '', '2023-01-01 00:00:00', '', '2023-01-01 00:00:00', ''),
	(502, 0, 'J23000137', 0, 1, 9999, 0, '2023-02-24', '11:57', '2023-02-24', '14:27', '', '', '', '209', '212', '34', '4', '216', '', '', '', '', '', '', '', '', '', '', '', '', '', '', '', '', '', '', '', '', '2023-01-01 00:00:00', '', '2023-01-01 00:00:00', ''),
	(503, 0, 'J23000137', 0, 1, 9999, 0, '2023-07-23', '3:15', '2023-07-23', '19:47', '', '', '', '209', '211', '33', '4', '216', '', '', '', '', '', '', '', '', '', '', '', '', '', '', '', '', '', '', '', '', '2023-01-01 00:00:00', '', '2023-01-01 00:00:00', ''),
	(504, 0, 'J23000137', 0, 1, 9999, 0, '2023-01-11', '6:12', '2023-01-11', '14:33', '', '', '', '205', '211', '41', '-1', '217', '', '', '', '', '', '', '', '', '', '', '', '', '', '', '', '', '', '', '', '', '2023-01-01 00:00:00', '', '2023-01-01 00:00:00', ''),
	(505, 0, 'J23000137', 0, 1, 9999, 0, '2023-07-20', '3:46', '2023-07-20', '13:56', '', '', '', '206', '211', '32', '-1', '214', '', '', '', '', '', '', '', '', '', '', '', '', '', '', '', '', '', '', '', '', '2023-01-01 00:00:00', '', '2023-01-01 00:00:00', ''),
	(506, 0, 'J23000137', 0, 1, 9999, 0, '2023-03-16', '1:8', '2023-03-16', '17:29', '', '', '', '206', '212', '57', '3', '217', '', '', '', '', '', '', '', '', '', '', '', '', '', '', '', '', '', '', '', '', '2023-01-01 00:00:00', '', '2023-01-01 00:00:00', ''),
	(507, 0, 'J23000137', 0, 1, 9999, 0, '2023-09-03', '8:24', '2023-09-03', '21:11', '', '', '', '197', '212', '38', '-1', '217', '', '', '', '', '', '', '', '', '', '', '', '', '', '', '', '', '', '', '', '', '2023-01-01 00:00:00', '', '2023-01-01 00:00:00', ''),
	(508, 0, 'J23000137', 0, 1, 9999, 0, '2023-07-25', '6:23', '2023-07-25', '21:15', '', '', '', '210', '212', '59', '-1', '213', '', '', '', '', '', '', '', '', '', '', '', '', '', '', '', '', '', '', '', '', '2023-01-01 00:00:00', '', '2023-01-01 00:00:00', ''),
	(509, 0, 'J23000137', 0, 1, 9999, 0, '2023-09-15', '1:4', '2023-09-15', '22:33', '', '', '', '201', '212', '49', '-1', '213', '', '', '', '', '', '', '', '', '', '', '', '', '', '', '', '', '', '', '', '', '2023-01-01 00:00:00', '', '2023-01-01 00:00:00', ''),
	(510, 0, 'J23000137', 0, 1, 9999, 0, '2023-08-13', '6:49', '2023-08-13', '20:49', '', '', '', '203', '212', '40', '-1', '214', '', '', '', '', '', '', '', '', '', '', '', '', '', '', '', '', '', '', '', '', '2023-01-01 00:00:00', '', '2023-01-01 00:00:00', ''),
	(511, 0, 'J23000137', 0, 1, 9999, 0, '2023-08-03', '3:58', '2023-08-03', '20:49', '', '', '', '199', '212', '54', '-1', '216', '', '', '', '', '', '', '', '', '', '', '', '', '', '', '', '', '', '', '', '', '2023-01-01 00:00:00', '', '2023-01-01 00:00:00', ''),
	(512, 0, 'J23000137', 0, 1, 9999, 0, '2023-11-14', '7:30', '2023-11-14', '16:38', '', '', '', '208', '211', '48', '-1', '216', '', '', '', '', '', '', '', '', '', '', '', '', '', '', '', '', '', '', '', '', '2023-01-01 00:00:00', '', '2023-01-01 00:00:00', ''),
	(513, 0, 'J23000137', 0, 1, 9999, 0, '2023-06-19', '7:52', '2023-06-19', '20:8', '', '', '', '198', '212', '53', '4', '217', '', '', '', '', '', '', '', '', '', '', '', '', '', '', '', '', '', '', '', '', '2023-01-01 00:00:00', '', '2023-01-01 00:00:00', ''),
	(514, 0, 'J23000138', 0, 1, 9999, 0, '2023-11-22', '9:26', '2023-11-22', '18:4', '', '', '', '219', '232', '40', '-1', '235', '', '', '', '', '', '', '', '', '', '', '', '', '', '', '', '', '', '', '', '', '2023-01-01 00:00:00', '', '2023-01-01 00:00:00', ''),
	(515, 0, 'J23000138', 0, 1, 9999, 0, '2023-05-31', '2:47', '2023-05-31', '12:1', '', '', '', '228', '233', '43', '4', '236', '', '', '', '', '', '', '', '', '', '', '', '', '', '', '', '', '', '', '', '', '2023-01-01 00:00:00', '', '2023-01-01 00:00:00', ''),
	(516, 0, 'J23000138', 0, 1, 9999, 0, '2023-07-04', '2:34', '2023-07-04', '23:18', '', '', '', '224', '233', '35', '-1', '235', '', '', '', '', '', '', '', '', '', '', '', '', '', '', '', '', '', '', '', '', '2023-01-01 00:00:00', '', '2023-01-01 00:00:00', ''),
	(517, 0, 'J23000138', 0, 1, 9999, 0, '2023-10-08', '9:26', '2023-10-08', '16:47', '', '', '', '222', '232', '35', '4', '235', '', '', '', '', '', '', '', '', '', '', '', '', '', '', '', '', '', '', '', '', '2023-01-01 00:00:00', '', '2023-01-01 00:00:00', ''),
	(518, 0, 'J23000138', 0, 1, 9999, 0, '2023-05-17', '10:6', '2023-05-17', '13:16', '', '', '', '226', '232', '41', '-1', '235', '', '', '', '', '', '', '', '', '', '', '', '', '', '', '', '', '', '', '', '', '2023-01-01 00:00:00', '', '2023-01-01 00:00:00', ''),
	(519, 0, 'J23000138', 0, 1, 9999, 0, '2023-12-13', '8:50', '2023-12-13', '17:48', '', '', '', '218', '232', '32', '3', '234', '', '', '', '', '', '', '', '', '', '', '', '', '', '', '', '', '', '', '', '', '2023-01-01 00:00:00', '', '2023-01-01 00:00:00', ''),
	(520, 0, 'J23000138', 0, 1, 9999, 0, '2023-11-21', '5:8', '2023-11-21', '18:22', '', '', '', '219', '233', '53', '-1', '235', '', '', '', '', '', '', '', '', '', '', '', '', '', '', '', '', '', '', '', '', '2023-01-01 00:00:00', '', '2023-01-01 00:00:00', ''),
	(521, 0, 'J23000138', 0, 1, 9999, 0, '2023-06-14', '5:16', '2023-06-14', '20:3', '', '', '', '225', '232', '38', '-1', '235', '', '', '', '', '', '', '', '', '', '', '', '', '', '', '', '', '', '', '', '', '2023-01-01 00:00:00', '', '2023-01-01 00:00:00', ''),
	(522, 0, 'J23000138', 0, 1, 9999, 0, '2023-05-30', '5:49', '2023-05-30', '13:28', '', '', '', '225', '233', '49', '-1', '237', '', '', '', '', '', '', '', '', '', '', '', '', '', '', '', '', '', '', '', '', '2023-01-01 00:00:00', '', '2023-01-01 00:00:00', ''),
	(523, 0, 'J23000138', 0, 1, 9999, 0, '2023-03-25', '4:46', '2023-03-25', '16:22', '', '', '', '223', '232', '44', '-1', '237', '', '', '', '', '', '', '', '', '', '', '', '', '', '', '', '', '', '', '', '', '2023-01-01 00:00:00', '', '2023-01-01 00:00:00', ''),
	(524, 0, 'J23000138', 0, 1, 9999, 0, '2023-02-04', '6:56', '2023-02-04', '23:29', '', '', '', '230', '233', '44', '-1', '236', '', '', '', '', '', '', '', '', '', '', '', '', '', '', '', '', '', '', '', '', '2023-01-01 00:00:00', '', '2023-01-01 00:00:00', ''),
	(525, 0, 'J23000138', 0, 1, 9999, 0, '2023-05-30', '2:55', '2023-05-30', '20:6', '', '', '', '225', '232', '57', '-1', '238', '', '', '', '', '', '', '', '', '', '', '', '', '', '', '', '', '', '', '', '', '2023-01-01 00:00:00', '', '2023-01-01 00:00:00', ''),
	(526, 0, 'J23000138', 0, 1, 9999, 0, '2023-05-18', '6:53', '2023-05-18', '15:17', '', '', '', '230', '232', '34', '-1', '235', '', '', '', '', '', '', '', '', '', '', '', '', '', '', '', '', '', '', '', '', '2023-01-01 00:00:00', '', '2023-01-01 00:00:00', ''),
	(527, 0, 'J23000138', 0, 1, 9999, 0, '2023-02-15', '1:32', '2023-02-15', '18:35', '', '', '', '221', '233', '37', '-1', '238', '', '', '', '', '', '', '', '', '', '', '', '', '', '', '', '', '', '', '', '', '2023-01-01 00:00:00', '', '2023-01-01 00:00:00', ''),
	(528, 0, 'J23000138', 0, 1, 9999, 0, '2023-10-13', '1:36', '2023-10-13', '21:41', '', '', '', '220', '232', '50', '3', '236', '', '', '', '', '', '', '', '', '', '', '', '', '', '', '', '', '', '', '', '', '2023-01-01 00:00:00', '', '2023-01-01 00:00:00', ''),
	(529, 0, 'J23000138', 0, 1, 9999, 0, '2023-10-21', '10:42', '2023-10-21', '23:55', '', '', '', '220', '232', '58', '4', '238', '', '', '', '', '', '', '', '', '', '', '', '', '', '', '', '', '', '', '', '', '2023-01-01 00:00:00', '', '2023-01-01 00:00:00', ''),
	(530, 0, 'J23000138', 0, 1, 9999, 0, '2023-10-04', '11:27', '2023-10-04', '21:47', '', '', '', '231', '233', '47', '-1', '234', '', '', '', '', '', '', '', '', '', '', '', '', '', '', '', '', '', '', '', '', '2023-01-01 00:00:00', '', '2023-01-01 00:00:00', ''),
	(531, 0, 'J23000138', 0, 1, 9999, 0, '2023-03-12', '6:59', '2023-03-12', '17:41', '', '', '', '218', '233', '34', '-1', '234', '', '', '', '', '', '', '', '', '', '', '', '', '', '', '', '', '', '', '', '', '2023-01-01 00:00:00', '', '2023-01-01 00:00:00', ''),
	(532, 0, 'J23000138', 0, 1, 9999, 0, '2023-02-04', '10:6', '2023-02-04', '21:8', '', '', '', '227', '233', '34', '-1', '237', '', '', '', '', '', '', '', '', '', '', '', '', '', '', '', '', '', '', '', '', '2023-01-01 00:00:00', '', '2023-01-01 00:00:00', ''),
	(533, 0, 'J23000138', 0, 1, 9999, 0, '2023-07-09', '2:13', '2023-07-09', '21:26', '', '', '', '229', '233', '55', '4', '235', '', '', '', '', '', '', '', '', '', '', '', '', '', '', '', '', '', '', '', '', '2023-01-01 00:00:00', '', '2023-01-01 00:00:00', ''),
	(534, 0, 'J23000138', 0, 1, 9999, 0, '2023-10-13', '2:30', '2023-10-13', '22:30', '', '', '', '228', '232', '36', '-1', '234', '', '', '', '', '', '', '', '', '', '', '', '', '', '', '', '', '', '', '', '', '2023-01-01 00:00:00', '', '2023-01-01 00:00:00', ''),
	(535, 0, 'J23000138', 0, 1, 9999, 0, '2023-10-24', '2:10', '2023-10-24', '18:5', '', '', '', '230', '233', '34', '4', '238', '', '', '', '', '', '', '', '', '', '', '', '', '', '', '', '', '', '', '', '', '2023-01-01 00:00:00', '', '2023-01-01 00:00:00', ''),
	(536, 0, 'J23000138', 0, 1, 9999, 0, '2023-06-15', '9:12', '2023-06-15', '19:11', '', '', '', '222', '233', '43', '3', '235', '', '', '', '', '', '', '', '', '', '', '', '', '', '', '', '', '', '', '', '', '2023-01-01 00:00:00', '', '2023-01-01 00:00:00', ''),
	(537, 0, 'J23000138', 0, 1, 9999, 0, '2023-08-27', '8:33', '2023-08-27', '15:5', '', '', '', '223', '232', '33', '-1', '234', '', '', '', '', '', '', '', '', '', '', '', '', '', '', '', '', '', '', '', '', '2023-01-01 00:00:00', '', '2023-01-01 00:00:00', ''),
	(538, 0, 'J23000138', 0, 1, 9999, 0, '2023-06-24', '7:24', '2023-06-24', '19:2', '', '', '', '231', '232', '50', '3', '234', '', '', '', '', '', '', '', '', '', '', '', '', '', '', '', '', '', '', '', '', '2023-01-01 00:00:00', '', '2023-01-01 00:00:00', ''),
	(539, 0, 'J23000138', 0, 1, 9999, 0, '2023-02-02', '1:0', '2023-02-02', '20:11', '', '', '', '226', '233', '51', '-1', '237', '', '', '', '', '', '', '', '', '', '', '', '', '', '', '', '', '', '', '', '', '2023-01-01 00:00:00', '', '2023-01-01 00:00:00', ''),
	(540, 0, 'J23000138', 0, 1, 9999, 0, '2023-10-17', '3:41', '2023-10-17', '18:16', '', '', '', '222', '232', '30', '-1', '236', '', '', '', '', '', '', '', '', '', '', '', '', '', '', '', '', '', '', '', '', '2023-01-01 00:00:00', '', '2023-01-01 00:00:00', ''),
	(541, 0, 'J23000138', 0, 1, 9999, 0, '2023-08-16', '6:0', '2023-08-16', '15:9', '', '', '', '227', '233', '35', '-1', '234', '', '', '', '', '', '', '', '', '', '', '', '', '', '', '', '', '', '', '', '', '2023-01-01 00:00:00', '', '2023-01-01 00:00:00', ''),
	(542, 0, 'J23000138', 0, 1, 9999, 0, '2023-09-10', '11:21', '2023-09-10', '18:12', '', '', '', '220', '232', '57', '3', '237', '', '', '', '', '', '', '', '', '', '', '', '', '', '', '', '', '', '', '', '', '2023-01-01 00:00:00', '', '2023-01-01 00:00:00', ''),
	(543, 0, 'J23000138', 0, 1, 9999, 0, '2023-06-05', '8:25', '2023-06-05', '22:59', '', '', '', '219', '233', '50', '-1', '234', '', '', '', '', '', '', '', '', '', '', '', '', '', '', '', '', '', '', '', '', '2023-01-01 00:00:00', '', '2023-01-01 00:00:00', ''),
	(544, 0, 'J23000138', 0, 1, 9999, 0, '2023-05-09', '11:7', '2023-05-09', '16:14', '', '', '', '220', '232', '48', '-1', '237', '', '', '', '', '', '', '', '', '', '', '', '', '', '', '', '', '', '', '', '', '2023-01-01 00:00:00', '', '2023-01-01 00:00:00', ''),
	(545, 0, 'J23000138', 0, 1, 9999, 0, '2023-09-23', '4:4', '2023-09-23', '14:50', '', '', '', '227', '232', '34', '-1', '234', '', '', '', '', '', '', '', '', '', '', '', '', '', '', '', '', '', '', '', '', '2023-01-01 00:00:00', '', '2023-01-01 00:00:00', ''),
	(546, 0, 'J23000138', 0, 1, 9999, 0, '2023-02-02', '2:53', '2023-02-02', '14:1', '', '', '', '219', '232', '52', '-1', '234', '', '', '', '', '', '', '', '', '', '', '', '', '', '', '', '', '', '', '', '', '2023-01-01 00:00:00', '', '2023-01-01 00:00:00', ''),
	(547, 0, 'J23000138', 0, 1, 9999, 0, '2023-05-26', '10:42', '2023-05-26', '16:57', '', '', '', '225', '233', '56', '-1', '235', '', '', '', '', '', '', '', '', '', '', '', '', '', '', '', '', '', '', '', '', '2023-01-01 00:00:00', '', '2023-01-01 00:00:00', ''),
	(548, 0, 'J23000138', 0, 1, 9999, 0, '2023-01-13', '8:0', '2023-01-13', '21:46', '', '', '', '226', '233', '44', '-1', '236', '', '', '', '', '', '', '', '', '', '', '', '', '', '', '', '', '', '', '', '', '2023-01-01 00:00:00', '', '2023-01-01 00:00:00', ''),
	(549, 0, 'J23000138', 0, 1, 9999, 0, '2023-06-03', '5:6', '2023-06-03', '19:18', '', '', '', '229', '233', '31', '-1', '234', '', '', '', '', '', '', '', '', '', '', '', '', '', '', '', '', '', '', '', '', '2023-01-01 00:00:00', '', '2023-01-01 00:00:00', ''),
	(550, 0, 'J23000138', 0, 1, 9999, 0, '2023-09-16', '8:51', '2023-09-16', '20:51', '', '', '', '222', '232', '48', '3', '238', '', '', '', '', '', '', '', '', '', '', '', '', '', '', '', '', '', '', '', '', '2023-01-01 00:00:00', '', '2023-01-01 00:00:00', ''),
	(551, 0, 'J23000138', 0, 1, 9999, 0, '2023-12-07', '5:58', '2023-12-07', '19:12', '', '', '', '231', '232', '53', '-1', '238', '', '', '', '', '', '', '', '', '', '', '', '', '', '', '', '', '', '', '', '', '2023-01-01 00:00:00', '', '2023-01-01 00:00:00', ''),
	(552, 0, 'J23000138', 0, 1, 9999, 0, '2023-09-04', '8:28', '2023-09-04', '24:20', '', '', '', '223', '232', '59', '-1', '235', '', '', '', '', '', '', '', '', '', '', '', '', '', '', '', '', '', '', '', '', '2023-01-01 00:00:00', '', '2023-01-01 00:00:00', ''),
	(553, 0, 'J23000138', 0, 1, 9999, 0, '2023-09-03', '8:3', '2023-09-03', '12:14', '', '', '', '228', '232', '60', '-1', '236', '', '', '', '', '', '', '', '', '', '', '', '', '', '', '', '', '', '', '', '', '2023-01-01 00:00:00', '', '2023-01-01 00:00:00', ''),
	(554, 0, 'J23000138', 0, 1, 9999, 0, '2023-02-28', '5:49', '2023-02-28', '18:40', '', '', '', '227', '232', '56', '4', '235', '', '', '', '', '', '', '', '', '', '', '', '', '', '', '', '', '', '', '', '', '2023-01-01 00:00:00', '', '2023-01-01 00:00:00', ''),
	(555, 0, 'J23000138', 0, 1, 9999, 0, '2023-10-28', '7:25', '2023-10-28', '19:18', '', '', '', '226', '233', '53', '-1', '236', '', '', '', '', '', '', '', '', '', '', '', '', '', '', '', '', '', '', '', '', '2023-01-01 00:00:00', '', '2023-01-01 00:00:00', ''),
	(556, 0, 'J23000138', 0, 1, 9999, 0, '2023-03-28', '6:27', '2023-03-28', '16:35', '', '', '', '231', '233', '35', '4', '236', '', '', '', '', '', '', '', '', '', '', '', '', '', '', '', '', '', '', '', '', '2023-01-01 00:00:00', '', '2023-01-01 00:00:00', ''),
	(557, 0, 'J23000138', 0, 1, 9999, 0, '2023-12-22', '3:43', '2023-12-22', '17:37', '', '', '', '229', '232', '40', '-1', '234', '', '', '', '', '', '', '', '', '', '', '', '', '', '', '', '', '', '', '', '', '2023-01-01 00:00:00', '', '2023-01-01 00:00:00', ''),
	(558, 0, 'J23000138', 0, 1, 9999, 0, '2023-05-08', '9:57', '2023-05-08', '21:4', '', '', '', '221', '232', '40', '-1', '236', '', '', '', '', '', '', '', '', '', '', '', '', '', '', '', '', '', '', '', '', '2023-01-01 00:00:00', '', '2023-01-01 00:00:00', ''),
	(559, 0, 'J23000138', 0, 1, 9999, 0, '2023-05-09', '6:37', '2023-05-09', '24:58', '', '', '', '223', '232', '42', '-1', '237', '', '', '', '', '', '', '', '', '', '', '', '', '', '', '', '', '', '', '', '', '2023-01-01 00:00:00', '', '2023-01-01 00:00:00', ''),
	(560, 0, 'J23000138', 0, 1, 9999, 0, '2023-11-27', '7:7', '2023-11-27', '20:51', '', '', '', '224', '233', '49', '-1', '235', '', '', '', '', '', '', '', '', '', '', '', '', '', '', '', '', '', '', '', '', '2023-01-01 00:00:00', '', '2023-01-01 00:00:00', ''),
	(561, 0, 'J23000138', 0, 1, 9999, 0, '2023-11-11', '2:32', '2023-11-11', '17:16', '', '', '', '230', '232', '51', '4', '237', '', '', '', '', '', '', '', '', '', '', '', '', '', '', '', '', '', '', '', '', '2023-01-01 00:00:00', '', '2023-01-01 00:00:00', ''),
	(562, 0, 'J23000138', 0, 1, 9999, 0, '2023-03-11', '2:28', '2023-03-11', '23:54', '', '', '', '224', '233', '40', '3', '237', '', '', '', '', '', '', '', '', '', '', '', '', '', '', '', '', '', '', '', '', '2023-01-01 00:00:00', '', '2023-01-01 00:00:00', ''),
	(563, 0, 'J23000138', 0, 1, 9999, 0, '2023-02-14', '6:11', '2023-02-14', '16:21', '', '', '', '230', '232', '47', '-1', '237', '', '', '', '', '', '', '', '', '', '', '', '', '', '', '', '', '', '', '', '', '2023-01-01 00:00:00', '', '2023-01-01 00:00:00', ''),
	(564, 0, 'J23000138', 0, 1, 9999, 0, '2023-12-01', '5:13', '2023-12-01', '13:27', '', '', '', '219', '233', '47', '4', '238', '', '', '', '', '', '', '', '', '', '', '', '', '', '', '', '', '', '', '', '', '2023-01-01 00:00:00', '', '2023-01-01 00:00:00', ''),
	(565, 0, 'J23000138', 0, 1, 9999, 0, '2023-07-21', '2:31', '2023-07-21', '18:30', '', '', '', '223', '232', '44', '3', '234', '', '', '', '', '', '', '', '', '', '', '', '', '', '', '', '', '', '', '', '', '2023-01-01 00:00:00', '', '2023-01-01 00:00:00', ''),
	(566, 0, 'J23000138', 0, 1, 9999, 0, '2023-06-19', '1:54', '2023-06-19', '24:8', '', '', '', '220', '233', '32', '-1', '237', '', '', '', '', '', '', '', '', '', '', '', '', '', '', '', '', '', '', '', '', '2023-01-01 00:00:00', '', '2023-01-01 00:00:00', ''),
	(567, 0, 'J23000138', 0, 1, 9999, 0, '2023-09-02', '6:16', '2023-09-02', '19:27', '', '', '', '218', '233', '33', '3', '236', '', '', '', '', '', '', '', '', '', '', '', '', '', '', '', '', '', '', '', '', '2023-01-01 00:00:00', '', '2023-01-01 00:00:00', ''),
	(568, 0, 'J23000138', 0, 1, 9999, 0, '2023-10-05', '11:30', '2023-10-05', '22:32', '', '', '', '221', '232', '53', '-1', '234', '', '', '', '', '', '', '', '', '', '', '', '', '', '', '', '', '', '', '', '', '2023-01-01 00:00:00', '', '2023-01-01 00:00:00', ''),
	(569, 0, 'J23000138', 0, 1, 9999, 0, '2023-10-14', '8:38', '2023-10-14', '15:33', '', '', '', '225', '232', '54', '-1', '235', '', '', '', '', '', '', '', '', '', '', '', '', '', '', '', '', '', '', '', '', '2023-01-01 00:00:00', '', '2023-01-01 00:00:00', ''),
	(570, 0, 'J23000138', 0, 1, 9999, 0, '2023-08-09', '9:16', '2023-08-09', '12:32', '', '', '', '231', '232', '41', '-1', '237', '', '', '', '', '', '', '', '', '', '', '', '', '', '', '', '', '', '', '', '', '2023-01-01 00:00:00', '', '2023-01-01 00:00:00', ''),
	(571, 0, 'J23000138', 0, 1, 9999, 0, '2023-11-13', '10:40', '2023-11-13', '13:21', '', '', '', '221', '232', '42', '-1', '235', '', '', '', '', '', '', '', '', '', '', '', '', '', '', '', '', '', '', '', '', '2023-01-01 00:00:00', '', '2023-01-01 00:00:00', ''),
	(572, 0, 'J23000138', 0, 1, 9999, 0, '2023-01-20', '7:44', '2023-01-20', '14:19', '', '', '', '225', '232', '34', '-1', '237', '', '', '', '', '', '', '', '', '', '', '', '', '', '', '', '', '', '', '', '', '2023-01-01 00:00:00', '', '2023-01-01 00:00:00', ''),
	(573, 0, 'J23000138', 0, 1, 9999, 0, '2023-09-17', '5:8', '2023-09-17', '23:36', '', '', '', '223', '232', '57', '-1', '234', '', '', '', '', '', '', '', '', '', '', '', '', '', '', '', '', '', '', '', '', '2023-01-01 00:00:00', '', '2023-01-01 00:00:00', ''),
	(574, 0, 'J23000138', 0, 1, 9999, 0, '2023-03-02', '5:6', '2023-03-02', '21:58', '', '', '', '220', '232', '34', '3', '234', '', '', '', '', '', '', '', '', '', '', '', '', '', '', '', '', '', '', '', '', '2023-01-01 00:00:00', '', '2023-01-01 00:00:00', ''),
	(575, 0, 'J23000138', 0, 1, 9999, 0, '2023-03-31', '10:9', '2023-03-31', '16:20', '', '', '', '219', '232', '37', '3', '234', '', '', '', '', '', '', '', '', '', '', '', '', '', '', '', '', '', '', '', '', '2023-01-01 00:00:00', '', '2023-01-01 00:00:00', ''),
	(576, 0, 'J23000138', 0, 1, 9999, 0, '2023-03-06', '11:43', '2023-03-06', '20:38', '', '', '', '229', '232', '48', '-1', '236', '', '', '', '', '', '', '', '', '', '', '', '', '', '', '', '', '', '', '', '', '2023-01-01 00:00:00', '', '2023-01-01 00:00:00', ''),
	(577, 0, 'J23000138', 0, 1, 9999, 0, '2023-07-18', '2:22', '2023-07-18', '17:25', '', '', '', '227', '233', '31', '4', '236', '', '', '', '', '', '', '', '', '', '', '', '', '', '', '', '', '', '', '', '', '2023-01-01 00:00:00', '', '2023-01-01 00:00:00', ''),
	(578, 0, 'J23000138', 0, 1, 9999, 0, '2023-04-13', '9:43', '2023-04-13', '21:18', '', '', '', '228', '232', '40', '-1', '237', '', '', '', '', '', '', '', '', '', '', '', '', '', '', '', '', '', '', '', '', '2023-01-01 00:00:00', '', '2023-01-01 00:00:00', ''),
	(579, 0, 'J23000138', 0, 1, 9999, 0, '2023-05-09', '3:22', '2023-05-09', '24:42', '', '', '', '230', '233', '31', '-1', '236', '', '', '', '', '', '', '', '', '', '', '', '', '', '', '', '', '', '', '', '', '2023-01-01 00:00:00', '', '2023-01-01 00:00:00', ''),
	(580, 0, 'J23000138', 0, 1, 9999, 0, '2023-02-13', '8:53', '2023-02-13', '23:10', '', '', '', '231', '233', '47', '4', '234', '', '', '', '', '', '', '', '', '', '', '', '', '', '', '', '', '', '', '', '', '2023-01-01 00:00:00', '', '2023-01-01 00:00:00', ''),
	(581, 0, 'J23000138', 0, 1, 9999, 0, '2023-12-28', '8:38', '2023-12-28', '19:12', '', '', '', '231', '232', '40', '-1', '236', '', '', '', '', '', '', '', '', '', '', '', '', '', '', '', '', '', '', '', '', '2023-01-01 00:00:00', '', '2023-01-01 00:00:00', ''),
	(582, 0, 'J23000138', 0, 1, 9999, 0, '2023-10-27', '4:41', '2023-10-27', '22:30', '', '', '', '230', '233', '54', '-1', '236', '', '', '', '', '', '', '', '', '', '', '', '', '', '', '', '', '', '', '', '', '2023-01-01 00:00:00', '', '2023-01-01 00:00:00', ''),
	(583, 0, 'J23000138', 0, 1, 9999, 0, '2023-02-13', '4:29', '2023-02-13', '17:19', '', '', '', '224', '232', '31', '-1', '238', '', '', '', '', '', '', '', '', '', '', '', '', '', '', '', '', '', '', '', '', '2023-01-01 00:00:00', '', '2023-01-01 00:00:00', ''),
	(584, 0, 'J23000138', 0, 1, 9999, 0, '2023-09-23', '11:25', '2023-09-23', '12:42', '', '', '', '229', '232', '56', '-1', '237', '', '', '', '', '', '', '', '', '', '', '', '', '', '', '', '', '', '', '', '', '2023-01-01 00:00:00', '', '2023-01-01 00:00:00', ''),
	(585, 0, 'J23000138', 0, 1, 9999, 0, '2023-07-07', '11:7', '2023-07-07', '21:20', '', '', '', '228', '233', '58', '4', '234', '', '', '', '', '', '', '', '', '', '', '', '', '', '', '', '', '', '', '', '', '2023-01-01 00:00:00', '', '2023-01-01 00:00:00', ''),
	(586, 0, 'J23000138', 0, 1, 9999, 0, '2023-10-12', '11:42', '2023-10-12', '14:43', '', '', '', '220', '233', '49', '4', '238', '', '', '', '', '', '', '', '', '', '', '', '', '', '', '', '', '', '', '', '', '2023-01-01 00:00:00', '', '2023-01-01 00:00:00', ''),
	(587, 0, 'J23000138', 0, 1, 9999, 0, '2023-11-17', '10:49', '2023-11-17', '23:54', '', '', '', '219', '233', '52', '3', '235', '', '', '', '', '', '', '', '', '', '', '', '', '', '', '', '', '', '', '', '', '2023-01-01 00:00:00', '', '2023-01-01 00:00:00', ''),
	(588, 0, 'J23000138', 0, 1, 9999, 0, '2023-08-05', '9:14', '2023-08-05', '17:18', '', '', '', '225', '233', '37', '-1', '238', '', '', '', '', '', '', '', '', '', '', '', '', '', '', '', '', '', '', '', '', '2023-01-01 00:00:00', '', '2023-01-01 00:00:00', ''),
	(589, 0, 'J23000138', 0, 1, 9999, 0, '2023-10-31', '4:39', '2023-10-31', '17:35', '', '', '', '218', '233', '58', '-1', '234', '', '', '', '', '', '', '', '', '', '', '', '', '', '', '', '', '', '', '', '', '2023-01-01 00:00:00', '', '2023-01-01 00:00:00', ''),
	(590, 0, 'J23000138', 0, 1, 9999, 0, '2023-05-25', '10:5', '2023-05-25', '19:18', '', '', '', '231', '232', '38', '-1', '234', '', '', '', '', '', '', '', '', '', '', '', '', '', '', '', '', '', '', '', '', '2023-01-01 00:00:00', '', '2023-01-01 00:00:00', ''),
	(591, 0, 'J23000138', 0, 1, 9999, 0, '2023-03-09', '7:46', '2023-03-09', '12:52', '', '', '', '220', '233', '55', '-1', '234', '', '', '', '', '', '', '', '', '', '', '', '', '', '', '', '', '', '', '', '', '2023-01-01 00:00:00', '', '2023-01-01 00:00:00', ''),
	(592, 0, 'J23000138', 0, 1, 9999, 0, '2023-03-25', '10:6', '2023-03-25', '18:14', '', '', '', '226', '233', '38', '-1', '238', '', '', '', '', '', '', '', '', '', '', '', '', '', '', '', '', '', '', '', '', '2023-01-01 00:00:00', '', '2023-01-01 00:00:00', ''),
	(593, 0, 'J23000138', 0, 1, 9999, 0, '2023-04-08', '6:53', '2023-04-08', '19:51', '', '', '', '226', '233', '52', '-1', '238', '', '', '', '', '', '', '', '', '', '', '', '', '', '', '', '', '', '', '', '', '2023-01-01 00:00:00', '', '2023-01-01 00:00:00', ''),
	(594, 0, 'J23000138', 0, 1, 9999, 0, '2023-03-19', '4:19', '2023-03-19', '18:47', '', '', '', '230', '232', '32', '3', '237', '', '', '', '', '', '', '', '', '', '', '', '', '', '', '', '', '', '', '', '', '2023-01-01 00:00:00', '', '2023-01-01 00:00:00', ''),
	(595, 0, 'J23000138', 0, 1, 9999, 0, '2023-06-30', '1:38', '2023-06-30', '15:0', '', '', '', '224', '233', '48', '-1', '238', '', '', '', '', '', '', '', '', '', '', '', '', '', '', '', '', '', '', '', '', '2023-01-01 00:00:00', '', '2023-01-01 00:00:00', ''),
	(596, 0, 'J23000138', 0, 1, 9999, 0, '2023-08-26', '7:1', '2023-08-26', '20:17', '', '', '', '222', '232', '52', '-1', '236', '', '', '', '', '', '', '', '', '', '', '', '', '', '', '', '', '', '', '', '', '2023-01-01 00:00:00', '', '2023-01-01 00:00:00', ''),
	(597, 0, 'J23000138', 0, 1, 9999, 0, '2023-10-10', '2:54', '2023-10-10', '15:19', '', '', '', '226', '233', '51', '3', '238', '', '', '', '', '', '', '', '', '', '', '', '', '', '', '', '', '', '', '', '', '2023-01-01 00:00:00', '', '2023-01-01 00:00:00', ''),
	(598, 0, 'J23000138', 0, 1, 9999, 0, '2023-02-23', '2:54', '2023-02-23', '23:50', '', '', '', '220', '233', '36', '-1', '234', '', '', '', '', '', '', '', '', '', '', '', '', '', '', '', '', '', '', '', '', '2023-01-01 00:00:00', '', '2023-01-01 00:00:00', ''),
	(599, 0, 'J23000138', 0, 1, 9999, 0, '2023-02-04', '4:59', '2023-02-04', '12:18', '', '', '', '230', '232', '44', '-1', '236', '', '', '', '', '', '', '', '', '', '', '', '', '', '', '', '', '', '', '', '', '2023-01-01 00:00:00', '', '2023-01-01 00:00:00', ''),
	(600, 0, 'J23000138', 0, 1, 9999, 0, '2023-01-29', '7:11', '2023-01-29', '22:4', '', '', '', '226', '233', '40', '-1', '237', '', '', '', '', '', '', '', '', '', '', '', '', '', '', '', '', '', '', '', '', '2023-01-01 00:00:00', '', '2023-01-01 00:00:00', ''),
	(601, 0, 'J23000138', 0, 1, 9999, 0, '2023-08-05', '10:27', '2023-08-05', '20:29', '', '', '', '222', '233', '46', '-1', '236', '', '', '', '', '', '', '', '', '', '', '', '', '', '', '', '', '', '', '', '', '2023-01-01 00:00:00', '', '2023-01-01 00:00:00', ''),
	(602, 0, 'J23000138', 0, 1, 9999, 0, '2023-10-26', '6:56', '2023-10-26', '23:42', '', '', '', '226', '233', '34', '-1', '238', '', '', '', '', '', '', '', '', '', '', '', '', '', '', '', '', '', '', '', '', '2023-01-01 00:00:00', '', '2023-01-01 00:00:00', ''),
	(603, 0, 'J23000138', 0, 1, 9999, 0, '2023-01-19', '11:40', '2023-01-19', '19:16', '', '', '', '225', '233', '58', '-1', '238', '', '', '', '', '', '', '', '', '', '', '', '', '', '', '', '', '', '', '', '', '2023-01-01 00:00:00', '', '2023-01-01 00:00:00', ''),
	(604, 0, 'J23000138', 0, 1, 9999, 0, '2023-09-12', '9:22', '2023-09-12', '15:9', '', '', '', '219', '232', '35', '-1', '234', '', '', '', '', '', '', '', '', '', '', '', '', '', '', '', '', '', '', '', '', '2023-01-01 00:00:00', '', '2023-01-01 00:00:00', ''),
	(605, 0, 'J23000138', 0, 1, 9999, 0, '2023-01-29', '4:37', '2023-01-29', '20:55', '', '', '', '231', '232', '48', '3', '235', '', '', '', '', '', '', '', '', '', '', '', '', '', '', '', '', '', '', '', '', '2023-01-01 00:00:00', '', '2023-01-01 00:00:00', ''),
	(606, 0, 'J23000138', 0, 1, 9999, 0, '2023-09-01', '2:21', '2023-09-01', '12:39', '', '', '', '220', '232', '41', '3', '234', '', '', '', '', '', '', '', '', '', '', '', '', '', '', '', '', '', '', '', '', '2023-01-01 00:00:00', '', '2023-01-01 00:00:00', ''),
	(607, 0, 'J23000138', 0, 1, 9999, 0, '2023-09-28', '6:48', '2023-09-28', '18:51', '', '', '', '218', '232', '45', '-1', '234', '', '', '', '', '', '', '', '', '', '', '', '', '', '', '', '', '', '', '', '', '2023-01-01 00:00:00', '', '2023-01-01 00:00:00', ''),
	(608, 0, 'J23000138', 0, 1, 9999, 0, '2023-08-06', '1:55', '2023-08-06', '16:9', '', '', '', '229', '232', '54', '-1', '237', '', '', '', '', '', '', '', '', '', '', '', '', '', '', '', '', '', '', '', '', '2023-01-01 00:00:00', '', '2023-01-01 00:00:00', ''),
	(609, 0, 'J23000138', 0, 1, 9999, 0, '2023-12-25', '2:49', '2023-12-25', '21:23', '', '', '', '226', '232', '57', '-1', '238', '', '', '', '', '', '', '', '', '', '', '', '', '', '', '', '', '', '', '', '', '2023-01-01 00:00:00', '', '2023-01-01 00:00:00', ''),
	(610, 0, 'J23000138', 0, 1, 9999, 0, '2023-03-02', '10:54', '2023-03-02', '13:50', '', '', '', '229', '232', '34', '-1', '237', '', '', '', '', '', '', '', '', '', '', '', '', '', '', '', '', '', '', '', '', '2023-01-01 00:00:00', '', '2023-01-01 00:00:00', ''),
	(611, 0, 'J23000138', 0, 1, 9999, 0, '2023-12-18', '8:43', '2023-12-18', '13:39', '', '', '', '223', '233', '44', '-1', '237', '', '', '', '', '', '', '', '', '', '', '', '', '', '', '', '', '', '', '', '', '2023-01-01 00:00:00', '', '2023-01-01 00:00:00', ''),
	(612, 0, 'J23000138', 0, 1, 9999, 0, '2023-05-15', '11:55', '2023-05-15', '16:22', '', '', '', '228', '232', '59', '-1', '235', '', '', '', '', '', '', '', '', '', '', '', '', '', '', '', '', '', '', '', '', '2023-01-01 00:00:00', '', '2023-01-01 00:00:00', ''),
	(613, 0, 'J23000138', 0, 1, 9999, 0, '2023-05-19', '9:19', '2023-05-19', '20:27', '', '', '', '223', '232', '49', '3', '235', '', '', '', '', '', '', '', '', '', '', '', '', '', '', '', '', '', '', '', '', '2023-01-01 00:00:00', '', '2023-01-01 00:00:00', ''),
	(614, 0, 'J23000139', 0, 1, 1, 0, '2023-01-10', '21:00', '2023-01-12', '17:00', '', '', '', '242', '254', '40', '-1', '', '', '', '', '', '', '', '', '', '', '', '', '', '', '', '', '', '', '', '', '', '2023-11-03 17:59:06', '231020.000013', '2023-11-04 10:06:04', '231020.000013'),
	(615, 0, 'J23000139', 0, 1, 2, 0, '2023-02-03', '21:00', '2023-02-06', '09:00', '', '', '', '', '253', '42', '-1', '', '', '', '', '', '', '', '', '', '', '', '', '', '', '', '', '', '', '', '', '', '2023-11-04 10:02:59', '231020.000013', '2023-11-04 10:15:14', '231020.000013'),
	(616, 0, 'J23000139', 0, 1, 3, 0, '2023-02-14', '17:00', '2023-02-17', '09:00', '', '', '', '', '254', '42', '3.5', '', '', '', '', '', '', '', '', '', '', '', '', '', '', '', '', '', '', '', '', '', '2023-11-04 10:02:59', '231020.000013', '2023-11-04 10:17:53', '231020.000013'),
	(617, 0, 'J23000139', 0, 1, 0, 0, '2023-01-09', '21:00', '2023-01-06', '17:00', '', '', '', '242', '254', '40', '3', '', '', '', '', '', '', '', '', '', '', '', '', '', '', '', '', '', '', '', '', '', '2023-11-03 17:59:06', '231020.000013', '2023-11-06 19:03:21', '231020.000013'),
	(618, 0, 'J23000139', 0, 1, 4, 0, '2023-03-01', '13:00', '2023-03-08', '09:00', '', '', '', '', '254', '40', '3.6', '', '', '', '', '', '', '', '', '', '', '', '', '', '', '', '', '', '', '', '', '', '2023-11-04 10:17:27', '231020.000013', '2023-11-04 10:18:40', '231020.000013'),
	(619, 0, 'J23000139', 0, 1, 5, 0, '2023-03-13', '20:00', '2023-03-23', '08:00', '', '', '', '', '254', '40', '-1', '', '', '', '', '', '', '', '', '', '', '', '', '', '', '', '', '', '', '', '', '', '2023-11-04 10:18:54', '231020.000013', '2023-11-04 10:19:41', '231020.000013'),
	(620, 0, 'J23000139', 0, 1, 6, 0, '2023-04-17', '20:00', '2023-04-21', '12:00', '', '', '', '', '253', '40', '-1', '', '', '', '', '', '', '', '', '', '', '', '', '', '', '', '', '', '', '', '', '', '2023-11-04 10:20:53', '231020.000013', '2023-11-04 10:23:43', '231020.000013'),
	(621, 0, 'J23000139', 0, 1, 7, 0, '2023-05-01', '08:00', '2023-05-03', '04:00', '', '', '', '', '253', '40', '-1', '', '', '', '', '', '', '', '', '', '', '', '', '', '', '', '', '', '', '', '', '', '2023-11-04 10:22:41', '231020.000013', '2023-11-04 10:25:37', '231020.000013'),
	(622, 0, 'J23000139', 0, 1, 8, 0, '2023-05-12', '08:00', '2023-05-12', '16:00', '', '', '', '', '253', '40', '-1', '', '', '', '', '', '', '', '', '', '', '', '', '', '', '', '', '', '', '', '', '', '2023-11-04 10:22:42', '231020.000013', '2023-11-04 10:35:51', '231020.000013'),
	(623, 0, 'J23000139', 0, 1, 9, 0, '2023-06-09', '16:00', '2023-06-12', '12:00', '', '', '', '', '254', '40', '-1', '', '', '', '', '', '', '', '', '', '', '', '', '', '', '', '', '', '', '', '', '', '2023-11-04 10:25:56', '231020.000013', '2023-11-04 10:55:55', '231020.000013'),
	(624, 0, 'J23000139', 0, 1, 10, 0, '2023-06-28', '12:00', '2023-06-29', '20:00', '', '', '', '', '254', '40', '-1', '', '', '', '', '', '', '', '', '', '', '', '', '', '', '', '', '', '', '', '', '', '2023-11-04 10:57:10', '231020.000013', '2023-11-04 10:58:37', '231020.000013'),
	(625, 0, 'J23000140', 0, 1, 1, 0, '2023-01-19', '17:30', '2023-01-24', '05:00', '', '', '', '260', '274', '40', '3.9', '', '', '', '', '', '', '', '', '', '', '', '', '', '', '', '', '', '', '', '', '', '2023-11-12 13:18:47', '231020.000013', '2023-11-12 13:30:50', '231020.000013'),
	(626, 0, 'J23000140', 0, 1, 1, 0, '2023-02-03', '17:00', '2023-02-03', '18:00', '', '', '', '260', '274', '40', '-1', '', '', '', '', '', '', '', '', '', '', '', '', '', '', '', '', '', '', '', '', '', '2023-11-12 13:18:47', '231020.000013', '2023-11-12 13:33:14', '231020.000013'),
	(627, 0, 'J23000140', 0, 1, 1, 0, '2023-02-09', '17:00', '2023-02-14', '17:30', '', '', '', '260', '275', '40', '-1', '', '', '', '', '', '', '', '', '', '', '', '', '', '', '', '', '', '', '', '', '', '2023-11-12 13:18:47', '231020.000013', '2023-11-12 13:34:08', '231020.000013'),
	(628, 0, 'J23000140', 0, 1, 1, 0, '2023-03-04', '01:00', '2023-02-14', '17:30', '', '', '', '260', '275', '40', '3.79', '', '', '', '', '', '', '', '', '', '', '', '', '', '', '', '', '', '', '', '', '', '2023-11-12 13:18:47', '231020.000013', '2023-11-12 13:35:54', '231020.000013'),
	(629, 0, 'J23000140', 0, 1, 1, 0, '2023-03-17', '08:00', '2023-03-23', '00:00', '', '', '', '260', '275', '40', '-1', '', '', '', '', '', '', '', '', '', '', '', '', '', '', '', '', '', '', '', '', '', '2023-11-12 13:18:47', '231020.000013', '2023-11-12 13:36:44', '231020.000013'),
	(630, 0, 'J23000140', 0, 1, 1, 0, '2023-04-26', '08:00', '2023-05-08', '08:00', '', '', '', '260', '274', '40', '3.90', '', '', '', '', '', '', '', '', '', '', '', '', '', '', '', '', '', '', '', '', '', '2023-11-12 13:18:47', '231020.000013', '2023-11-12 13:45:30', '231020.000013'),
	(631, 0, 'J23000140', 0, 1, 1, 0, '2023-05-24', '08:00', '2023-05-24', '20:00', '', '', '', '260', '274', '40', '-1', '', '', '', '', '', '', '', '', '', '', '', '', '', '', '', '', '', '', '', '', '', '2023-11-12 13:18:47', '231020.000013', '2023-11-12 13:46:12', '231020.000013'),
	(632, 0, 'J23000140', 0, 1, 1, 0, '2023-06-01', '20:00', '2023-06-02', '08:00', '', '', '', '260', '275', '40', '-1', '', '', '', '', '', '', '', '', '', '', '', '', '', '', '', '', '', '', '', '', '', '2023-11-12 13:18:47', '231020.000013', '2023-11-12 13:47:25', '231020.000013'),
	(633, 0, 'J23000140', 0, 1, 1, 0, '2023-06-14', '16:00', '2023-06-23', '12:00', '', '', '', '260', '274', '40', '-1', '', '', '', '', '', '', '', '', '', '', '', '', '', '', '', '', '', '', '', '', '', '2023-11-12 13:18:47', '231020.000013', '2023-11-12 13:48:44', '231020.000013'),
	(634, 0, 'J23000140', 0, 1, 1, 0, '2023-07-07', '12:00', '2023-07-13', '20:00', '', '', '', '260', '275', '40', '-1', '', '', '', '', '', '', '', '', '', '', '', '', '', '', '', '', '', '', '', '', '', '2023-11-12 13:18:47', '231020.000013', '2023-11-12 13:51:29', '231020.000013'),
	(635, 0, 'J23000140', 0, 1, 1, 0, '2023-07-27', '08:00', '2023-07-28', '12:00', '', '', '', '260', '275', '40', '3.9', '', '', '', '', '', '', '', '', '', '', '', '', '', '', '', '', '', '', '', '', '', '2023-11-12 13:18:47', '231020.000013', '2023-11-12 13:52:44', '231020.000013'),
	(636, 0, 'J23000140', 0, 1, 1, 0, '2023-08-10', '16:00', '2023-08-16', '04:00', '', '', '', '260', '275', '40', '3.9', '', '', '', '', '', '', '', '', '', '', '', '', '', '', '', '', '', '', '', '', '', '2023-11-12 13:18:47', '231020.000013', '2023-11-12 13:53:52', '231020.000013'),
	(637, 0, 'J23000140', 0, 1, 1, 0, '2023-08-30', '00:00', '2023-08-30', '20:00', '', '', '', '260', '275', '40', '-1', '', '', '', '', '', '', '', '', '', '', '', '', '', '', '', '', '', '', '', '', '', '2023-11-12 13:18:47', '231020.000013', '2023-11-12 13:54:58', '231020.000013'),
	(638, 0, 'J23000140', 0, 1, 1, 0, '2023-09-20', '16:00', '2023-09-28', '00:00', '', '', '', '260', '275', '40', '3.9', '', '', '', '', '', '', '', '', '', '', '', '', '', '', '', '', '', '', '', '', '', '2023-11-12 13:18:47', '231020.000013', '2023-11-12 13:57:24', '231020.000013'),
	(639, 0, 'J23000140', 0, 1, 1, 0, '2023-09-29', '12:00', '2023-10-03', '04:00', '', '', '', '260', '275', '40', '3.9', '', '', '', '', '', '', '', '', '', '', '', '', '', '', '', '', '', '', '', '', '', '2023-11-12 13:18:47', '231020.000013', '2023-11-12 13:57:50', '231020.000013'),
	(640, 0, 'J23000140', 0, 1, 1, 0, '2023-11-02', '16:00', '2023-11-03', '16:00', '', '', '', '260', '275', '40', '-1', '', '', '', '', '', '', '', '', '', '', '', '', '', '', '', '', '', '', '', '', '', '2023-11-12 13:18:47', '231020.000013', '2023-11-12 13:59:10', '231020.000013'),
	(641, 0, 'J23000141', 0, 1, 1, 0, '2023-01-06', '01:00', '2023-01-06', '17:00', '', '', '', '282', '295', '40', '-1', '', '', '', '', '', '', '', '', '', '', '', '', '', '', '', '', '', '', '', '', '', '2023-11-14 18:00:36', '231020.000013', '2023-11-14 18:11:10', '231020.000013'),
	(642, 0, 'J23000141', 0, 1, 1, 0, '2023-02-04', '01:00', '2023-02-06', '13:00', '', '', '', '282', '295', '40', '-1', '', '', '', '', '', '', '', '', '', '', '', '', '', '', '', '', '', '', '', '', '', '2023-11-14 18:00:36', '231020.000013', '2023-11-14 18:18:16', '231020.000013'),
	(643, 0, 'J23000141', 0, 1, 1, 0, '2023-02-14', '21:00', '2023-02-06', '13:00', '', '', '', '282', '296', '30', '5', '', '', '', '', '', '', '', '', '', '', '', '', '', '', '', '', '', '', '', '', '', '2023-11-14 18:00:36', '231020.000013', '2023-11-14 18:28:19', '231020.000013'),
	(644, 0, 'J23000141', 0, 1, 3, 0, '2023-03-01', '17:00', '2023-03-08', '09:00', '', '', '', '', '296', '40', '3.8', '', '', '', '', '', '', '', '', '', '', '', '', '', '', '', '', '', '', '', '', '', '2023-11-14 18:28:12', '231020.000013', '2023-11-14 18:31:57', '231020.000013'),
	(645, 0, 'J23000141', 0, 1, 3, 0, '2023-03-10', '21:00', '2023-03-13', '08:00', '', '', '', '', '296', '40', '-1', '', '', '', '', '', '', '', '', '', '', '', '', '', '', '', '', '', '', '', '', '', '2023-11-14 18:28:12', '231020.000013', '2023-11-14 18:33:06', '231020.000013'),
	(646, 0, 'J23000141', 0, 1, 3, 0, '2023-05-11', '20:00', '2023-05-12', '20:00', '', '', '', '', '295', '40', '-1', '', '', '', '', '', '', '', '', '', '', '', '', '', '', '', '', '', '', '', '', '', '2023-11-14 18:28:12', '231020.000013', '2023-11-14 18:40:13', '231020.000013'),
	(647, 0, 'J23000141', 0, 1, 3, 0, '2023-06-05', '20:00', '2023-06-05', '21:00', '', '', '', '', '296', '40', '-1', '', '', '', '', '', '', '', '', '', '', '', '', '', '', '', '', '', '', '', '', '', '2023-11-14 18:28:12', '231020.000013', '2023-11-14 18:42:54', '231020.000013'),
	(648, 0, 'J23000141', 0, 1, 3, 0, '2023-07-06', '08:00', '2023-07-11', '20:00', '', '', '', '', '295', '40', '3.8', '', '', '', '', '', '', '', '', '', '', '', '', '', '', '', '', '', '', '', '', '', '2023-11-14 18:28:12', '231020.000013', '2023-11-14 18:43:31', '231020.000013'),
	(649, 0, 'J23000141', 0, 1, 3, 0, '2023-08-04', '20:00', '2023-08-14', '20:00', '', '', '', '', '296', '40', '3.8', '', '', '', '', '', '', '', '', '', '', '', '', '', '', '', '', '', '', '', '', '', '2023-11-14 18:28:12', '231020.000013', '2023-11-14 18:44:22', '231020.000013'),
	(650, 0, 'J23000141', 0, 1, 3, 0, '2023-08-04', '20:00', '2023-08-14', '20:00', '', '', '', '', '296', '40', '3.8', '', '', '', '', '', '', '', '', '', '', '', '', '', '', '', '', '', '', '', '', '', '2023-11-14 18:28:12', '231020.000013', '2023-11-14 18:44:22', '231020.000013'),
	(651, 0, 'J23000141', 0, 1, 10, 0, '2023-08-30', '16:00', '2023-09-05', '16:00', '', '', '', '', '296', '40', '4', '', '', '', '', '', '', '', '', '', '', '', '', '', '', '', '', '', '', '', '', '', '2023-11-14 18:46:04', '231020.000013', '2023-11-14 18:47:41', '231020.000013'),
	(652, 0, 'J23000141', 0, 1, 10, 0, '2023-09-13', '00:00', '2023-09-25', '20:00', '', '', '', '', '296', '40', '3.5', '', '', '', '', '', '', '', '', '', '', '', '', '', '', '', '', '', '', '', '', '', '2023-11-14 18:46:04', '231020.000013', '2023-11-14 18:50:36', '231020.000013'),
	(653, 0, 'J23000141', 0, 1, 10, 0, '2023-09-13', '00:00', '2023-09-25', '20:00', '', '', '', '', '296', '40', '3.5', '', '', '', '', '', '', '', '', '', '', '', '', '', '', '', '', '', '', '', '', '', '2023-11-14 18:46:04', '231020.000013', '2023-11-14 18:50:36', '231020.000013'),
	(654, 0, 'J23000141', 0, 1, 10, 0, '2023-10-11', '20:00', '2023-10-24', '04:00', '', '', '', '', '296', '40', '-1', '', '', '', '', '', '', '', '', '', '', '', '', '', '', '', '', '', '', '', '', '', '2023-11-14 18:46:04', '231020.000013', '2023-11-14 18:52:30', '231020.000013'),
	(655, 0, 'J23000141', 0, 1, 14, 0, '2023-11-02', '00:00', '2023-11-03', '20:00', '', '', '', '', '295', '40', '3.8', '', '', '', '', '', '', '', '', '', '', '', '', '', '', '', '', '', '', '', '', '', '2023-11-14 18:53:03', '231020.000013', '2023-11-14 18:54:20', '231020.000013');

-- Dumping structure for table app1.mirrel.com.journal_detail_images
CREATE TABLE IF NOT EXISTS `journal_detail_images` (
  `id` int NOT NULL AUTO_INCREMENT,
  `journalId` varchar(50) COLLATE utf8mb3_unicode_ci NOT NULL DEFAULT '',
  `journalDetailId` varchar(50) COLLATE utf8mb3_unicode_ci NOT NULL DEFAULT '',
  `fn` varchar(3) COLLATE utf8mb3_unicode_ci NOT NULL DEFAULT '',
  `source` varchar(50) COLLATE utf8mb3_unicode_ci NOT NULL DEFAULT '',
  `path` varchar(250) COLLATE utf8mb3_unicode_ci NOT NULL DEFAULT '',
  `fileName` varchar(250) COLLATE utf8mb3_unicode_ci NOT NULL DEFAULT '',
  `caption` varchar(250) COLLATE utf8mb3_unicode_ci NOT NULL DEFAULT '',
  `sorting` int NOT NULL DEFAULT '1',
  `presence` int NOT NULL DEFAULT '1',
  `input_date` datetime NOT NULL DEFAULT '2023-01-01 00:00:00',
  `input_by` varchar(50) COLLATE utf8mb3_unicode_ci NOT NULL DEFAULT '',
  `update_date` datetime NOT NULL DEFAULT '2023-01-01 00:00:00',
  `update_by` varchar(50) COLLATE utf8mb3_unicode_ci NOT NULL DEFAULT '',
  PRIMARY KEY (`id`) USING BTREE
) ENGINE=InnoDB DEFAULT CHARSET=utf8mb3 COLLATE=utf8mb3_unicode_ci;

-- Dumping data for table app1.mirrel.com.journal_detail_images: ~0 rows (approximately)

-- Dumping structure for table app1.mirrel.com.journal_select
CREATE TABLE IF NOT EXISTS `journal_select` (
  `id` int NOT NULL AUTO_INCREMENT,
  `journalId` varchar(50) COLLATE utf8mb4_general_ci NOT NULL DEFAULT '',
  `field` varchar(50) COLLATE utf8mb4_general_ci NOT NULL DEFAULT '',
  `value` varchar(50) COLLATE utf8mb4_general_ci NOT NULL DEFAULT '',
  `color` varchar(50) COLLATE utf8mb4_general_ci NOT NULL DEFAULT '',
  `sorting` int NOT NULL DEFAULT '99',
  `presence` int NOT NULL DEFAULT '1',
  `ilock` int NOT NULL DEFAULT '0',
  `update_date` datetime NOT NULL DEFAULT '2023-01-01 00:00:00',
  `update_by` varchar(50) COLLATE utf8mb4_general_ci NOT NULL DEFAULT '',
  `input_date` datetime NOT NULL DEFAULT '2023-01-01 00:00:00',
  `input_by` varchar(50) COLLATE utf8mb4_general_ci NOT NULL DEFAULT '',
  PRIMARY KEY (`id`)
) ENGINE=InnoDB AUTO_INCREMENT=302 DEFAULT CHARSET=utf8mb4 COLLATE=utf8mb4_general_ci;

-- Dumping data for table app1.mirrel.com.journal_select: ~131 rows (approximately)
INSERT INTO `journal_select` (`id`, `journalId`, `field`, `value`, `color`, `sorting`, `presence`, `ilock`, `update_date`, `update_by`, `input_date`, `input_by`) VALUES
	(171, 'J23000136', 'f8', 'AUDUSD', '#ED7D31', 0, 1, 0, '2023-01-01 00:00:00', '', '2023-10-22 16:27:52', ''),
	(172, 'J23000136', 'f8', 'EURUSD', '#3876BF', 1, 1, 0, '2023-01-01 00:00:00', '', '2023-10-22 16:27:52', ''),
	(173, 'J23000136', 'f8', 'GBPUSD', '#940B92', 2, 1, 0, '2023-01-01 00:00:00', '', '2023-10-22 16:27:52', ''),
	(174, 'J23000136', 'f8', 'NZDUSD', '#4D4C7D', 3, 1, 0, '2023-01-01 00:00:00', '', '2023-10-22 16:27:52', ''),
	(175, 'J23000136', 'f8', 'CADJPY', '#A2678A', 4, 1, 0, '2023-01-01 00:00:00', '', '2023-10-22 16:27:52', ''),
	(176, 'J23000136', 'f8', 'CHFJPY', '#BEADFA', 5, 1, 0, '2023-01-01 00:00:00', '', '2023-10-22 16:27:52', ''),
	(177, 'J23000136', 'f8', 'EURJPY', '#008170', 6, 1, 0, '2023-01-01 00:00:00', '', '2023-10-22 16:27:52', ''),
	(178, 'J23000136', 'f8', 'GBPJPY', '#FF4B91', 7, 1, 0, '2023-01-01 00:00:00', '', '2023-10-22 16:27:52', ''),
	(179, 'J23000136', 'f8', 'NZDJPY', '#EBE76C', 8, 1, 0, '2023-01-01 00:00:00', '', '2023-10-22 16:27:52', ''),
	(180, 'J23000136', 'f8', 'USDJPY', '#F1B4BB', 9, 1, 0, '2023-01-01 00:00:00', '', '2023-10-22 16:27:52', ''),
	(181, 'J23000136', 'f8', 'USDCAD', '#6499E9', 10, 1, 0, '2023-01-01 00:00:00', '', '2023-10-22 16:27:52', ''),
	(182, 'J23000136', 'f8', 'EURGBP', '#D83F31', 11, 1, 0, '2023-01-01 00:00:00', '', '2023-10-22 16:27:52', ''),
	(183, 'J23000136', 'f8', 'EURNZD', '#618264', 12, 1, 0, '2023-01-01 00:00:00', '', '2023-10-22 16:27:52', ''),
	(184, 'J23000136', 'f8', 'XAUUSD', '#F4CE14', 13, 1, 0, '2023-01-01 00:00:00', '', '2023-10-22 16:27:52', ''),
	(185, 'J23000136', 'f9', 'BUY', '#3876BF', 0, 1, 0, '2023-01-01 00:00:00', '', '2023-10-22 16:27:52', ''),
	(186, 'J23000136', 'f9', 'SELL', '#35A29F', 1, 1, 0, '2023-01-01 00:00:00', '', '2023-10-22 16:27:52', ''),
	(187, 'J23000136', 'f12', 'KEY LEVEL', '#F99417', 0, 1, 0, '2023-01-01 00:00:00', '', '2023-10-22 16:27:52', ''),
	(188, 'J23000136', 'f12', 'DOUBLE TOP', '#0802A3', 1, 1, 0, '2023-01-01 00:00:00', '', '2023-10-22 16:27:52', ''),
	(189, 'J23000136', 'f12', 'DOUBLE BOTTOM', '#940B92', 2, 1, 0, '2023-01-01 00:00:00', '', '2023-10-22 16:27:52', ''),
	(190, 'J23000136', 'f12', 'FIBONACCI 68%', '#8ECDDD', 3, 1, 0, '2023-01-01 00:00:00', '', '2023-10-22 16:27:52', ''),
	(191, 'J23000136', 'f12', 'SUPPLY DAN DEMAND', '#F4CE14', 4, 1, 0, '2023-01-01 00:00:00', '', '2023-10-22 16:27:52', ''),
	(192, 'J23000136', 'f16', 'Engulfing', '#1B9C85', 1, 1, 0, '2023-10-22 16:53:07', '231020.000013', '2023-10-22 16:52:08', '231020.000013'),
	(193, 'J23000136', 'f16', 'Double Maru', '#0278AE', 2, 1, 0, '2023-10-22 16:53:07', '231020.000013', '2023-10-22 16:52:19', '231020.000013'),
	(194, 'J23000136', 'f16', 'Inside Bar', '#E60965', 3, 1, 0, '2023-10-22 16:53:07', '231020.000013', '2023-10-22 16:52:29', '231020.000013'),
	(195, 'J23000136', 'f16', 'DBD', '#35A29F', 0, 1, 0, '2023-10-22 16:53:07', '231020.000013', '2023-10-22 16:53:04', '231020.000013'),
	(196, 'J23000136', 'f8', 'NZDJPY', '#A78295', 15, 1, 0, '2023-10-22 17:27:42', '231020.000013', '2023-10-22 17:27:42', '231020.000013'),
	(197, 'J23000137', 'f8', 'AUDUSD', '#ED7D31', 0, 1, 0, '2023-01-01 00:00:00', '', '2023-10-24 07:47:06', ''),
	(198, 'J23000137', 'f8', 'EURUSD', '#3876BF', 1, 1, 0, '2023-01-01 00:00:00', '', '2023-10-24 07:47:06', ''),
	(199, 'J23000137', 'f8', 'GBPUSD', '#940B92', 2, 1, 0, '2023-01-01 00:00:00', '', '2023-10-24 07:47:06', ''),
	(200, 'J23000137', 'f8', 'NZDUSD', '#4D4C7D', 3, 1, 0, '2023-01-01 00:00:00', '', '2023-10-24 07:47:06', ''),
	(201, 'J23000137', 'f8', 'CADJPY', '#A2678A', 4, 1, 0, '2023-01-01 00:00:00', '', '2023-10-24 07:47:06', ''),
	(202, 'J23000137', 'f8', 'CHFJPY', '#BEADFA', 5, 1, 0, '2023-01-01 00:00:00', '', '2023-10-24 07:47:06', ''),
	(203, 'J23000137', 'f8', 'EURJPY', '#008170', 6, 1, 0, '2023-01-01 00:00:00', '', '2023-10-24 07:47:06', ''),
	(204, 'J23000137', 'f8', 'GBPJPY', '#FF4B91', 7, 1, 0, '2023-01-01 00:00:00', '', '2023-10-24 07:47:06', ''),
	(205, 'J23000137', 'f8', 'NZDJPY', '#EBE76C', 8, 1, 0, '2023-01-01 00:00:00', '', '2023-10-24 07:47:06', ''),
	(206, 'J23000137', 'f8', 'USDJPY', '#F1B4BB', 9, 1, 0, '2023-01-01 00:00:00', '', '2023-10-24 07:47:06', ''),
	(207, 'J23000137', 'f8', 'USDCAD', '#6499E9', 10, 1, 0, '2023-01-01 00:00:00', '', '2023-10-24 07:47:06', ''),
	(208, 'J23000137', 'f8', 'EURGBP', '#D83F31', 11, 1, 0, '2023-01-01 00:00:00', '', '2023-10-24 07:47:06', ''),
	(209, 'J23000137', 'f8', 'EURNZD', '#618264', 12, 1, 0, '2023-01-01 00:00:00', '', '2023-10-24 07:47:06', ''),
	(210, 'J23000137', 'f8', 'XAUUSD', '#F4CE14', 13, 1, 0, '2023-01-01 00:00:00', '', '2023-10-24 07:47:06', ''),
	(211, 'J23000137', 'f9', 'BUY', '#3876BF', 0, 1, 0, '2023-01-01 00:00:00', '', '2023-10-24 07:47:06', ''),
	(212, 'J23000137', 'f9', 'SELL', '#35A29F', 1, 1, 0, '2023-01-01 00:00:00', '', '2023-10-24 07:47:06', ''),
	(213, 'J23000137', 'f12', 'KEY LEVEL', '#F99417', 0, 1, 0, '2023-01-01 00:00:00', '', '2023-10-24 07:47:06', ''),
	(214, 'J23000137', 'f12', 'DOUBLE TOP', '#0802A3', 1, 1, 0, '2023-01-01 00:00:00', '', '2023-10-24 07:47:06', ''),
	(215, 'J23000137', 'f12', 'DOUBLE BOTTOM', '#940B92', 2, 1, 0, '2023-01-01 00:00:00', '', '2023-10-24 07:47:06', ''),
	(216, 'J23000137', 'f12', 'FIBONACCI 68%', '#8ECDDD', 3, 1, 0, '2023-01-01 00:00:00', '', '2023-10-24 07:47:06', ''),
	(217, 'J23000137', 'f12', 'SUPPLY DAN DEMAND', '#F4CE14', 4, 1, 0, '2023-01-01 00:00:00', '', '2023-10-24 07:47:06', ''),
	(218, 'J23000138', 'f8', 'AUDUSD', '#ED7D31', 0, 1, 0, '2023-01-01 00:00:00', '', '2023-10-31 05:54:46', ''),
	(219, 'J23000138', 'f8', 'EURUSD', '#3876BF', 1, 1, 0, '2023-01-01 00:00:00', '', '2023-10-31 05:54:46', ''),
	(220, 'J23000138', 'f8', 'GBPUSD', '#940B92', 2, 1, 0, '2023-01-01 00:00:00', '', '2023-10-31 05:54:46', ''),
	(221, 'J23000138', 'f8', 'NZDUSD', '#4D4C7D', 3, 1, 0, '2023-01-01 00:00:00', '', '2023-10-31 05:54:46', ''),
	(222, 'J23000138', 'f8', 'CADJPY', '#A2678A', 4, 1, 0, '2023-01-01 00:00:00', '', '2023-10-31 05:54:46', ''),
	(223, 'J23000138', 'f8', 'CHFJPY', '#BEADFA', 5, 1, 0, '2023-01-01 00:00:00', '', '2023-10-31 05:54:46', ''),
	(224, 'J23000138', 'f8', 'EURJPY', '#008170', 6, 1, 0, '2023-01-01 00:00:00', '', '2023-10-31 05:54:46', ''),
	(225, 'J23000138', 'f8', 'GBPJPY', '#FF4B91', 7, 1, 0, '2023-01-01 00:00:00', '', '2023-10-31 05:54:46', ''),
	(226, 'J23000138', 'f8', 'NZDJPY', '#EBE76C', 8, 1, 0, '2023-01-01 00:00:00', '', '2023-10-31 05:54:46', ''),
	(227, 'J23000138', 'f8', 'USDJPY', '#F1B4BB', 9, 1, 0, '2023-01-01 00:00:00', '', '2023-10-31 05:54:46', ''),
	(228, 'J23000138', 'f8', 'USDCAD', '#6499E9', 10, 1, 0, '2023-01-01 00:00:00', '', '2023-10-31 05:54:46', ''),
	(229, 'J23000138', 'f8', 'EURGBP', '#D83F31', 11, 1, 0, '2023-01-01 00:00:00', '', '2023-10-31 05:54:46', ''),
	(230, 'J23000138', 'f8', 'EURNZD', '#618264', 12, 1, 0, '2023-01-01 00:00:00', '', '2023-10-31 05:54:46', ''),
	(231, 'J23000138', 'f8', 'XAUUSD', '#F4CE14', 13, 1, 0, '2023-01-01 00:00:00', '', '2023-10-31 05:54:46', ''),
	(232, 'J23000138', 'f9', 'BUY', '#3876BF', 0, 1, 0, '2023-01-01 00:00:00', '', '2023-10-31 05:54:46', ''),
	(233, 'J23000138', 'f9', 'SELL', '#35A29F', 1, 1, 0, '2023-01-01 00:00:00', '', '2023-10-31 05:54:46', ''),
	(234, 'J23000138', 'f12', 'KEY LEVEL', '#F99417', 0, 1, 0, '2023-01-01 00:00:00', '', '2023-10-31 05:54:46', ''),
	(235, 'J23000138', 'f12', 'DOUBLE TOP', '#0802A3', 1, 1, 0, '2023-01-01 00:00:00', '', '2023-10-31 05:54:46', ''),
	(236, 'J23000138', 'f12', 'DOUBLE BOTTOM', '#940B92', 2, 1, 0, '2023-01-01 00:00:00', '', '2023-10-31 05:54:46', ''),
	(237, 'J23000138', 'f12', 'FIBONACCI 68%', '#8ECDDD', 3, 1, 0, '2023-01-01 00:00:00', '', '2023-10-31 05:54:46', ''),
	(238, 'J23000138', 'f12', 'SUPPLY DAN DEMAND', '#F4CE14', 4, 1, 0, '2023-01-01 00:00:00', '', '2023-10-31 05:54:46', ''),
	(239, 'J23000139', 'f8', 'AUDUSD', '#ED7D31', 0, 1, 0, '2023-01-01 00:00:00', '', '2023-11-03 17:59:06', ''),
	(240, 'J23000139', 'f8', 'EURUSD', '#3876BF', 1, 1, 0, '2023-01-01 00:00:00', '', '2023-11-03 17:59:06', ''),
	(241, 'J23000139', 'f8', 'GBPUSD', '#940B92', 2, 1, 0, '2023-01-01 00:00:00', '', '2023-11-03 17:59:06', ''),
	(242, 'J23000139', 'f8', 'NZDUSD', '#4D4C7D', 3, 1, 0, '2023-01-01 00:00:00', '', '2023-11-03 17:59:06', ''),
	(243, 'J23000139', 'f8', 'CADJPY', '#A2678A', 4, 1, 0, '2023-01-01 00:00:00', '', '2023-11-03 17:59:06', ''),
	(244, 'J23000139', 'f8', 'CHFJPY', '#BEADFA', 5, 1, 0, '2023-01-01 00:00:00', '', '2023-11-03 17:59:06', ''),
	(245, 'J23000139', 'f8', 'EURJPY', '#008170', 6, 1, 0, '2023-01-01 00:00:00', '', '2023-11-03 17:59:06', ''),
	(246, 'J23000139', 'f8', 'GBPJPY', '#FF4B91', 7, 1, 0, '2023-01-01 00:00:00', '', '2023-11-03 17:59:06', ''),
	(247, 'J23000139', 'f8', 'NZDJPY', '#EBE76C', 8, 1, 0, '2023-01-01 00:00:00', '', '2023-11-03 17:59:06', ''),
	(248, 'J23000139', 'f8', 'USDJPY', '#F1B4BB', 9, 1, 0, '2023-01-01 00:00:00', '', '2023-11-03 17:59:06', ''),
	(249, 'J23000139', 'f8', 'USDCAD', '#6499E9', 10, 1, 0, '2023-01-01 00:00:00', '', '2023-11-03 17:59:06', ''),
	(250, 'J23000139', 'f8', 'EURGBP', '#D83F31', 11, 1, 0, '2023-01-01 00:00:00', '', '2023-11-03 17:59:06', ''),
	(251, 'J23000139', 'f8', 'EURNZD', '#618264', 12, 1, 0, '2023-01-01 00:00:00', '', '2023-11-03 17:59:06', ''),
	(252, 'J23000139', 'f8', 'XAUUSD', '#F4CE14', 13, 1, 0, '2023-01-01 00:00:00', '', '2023-11-03 17:59:06', ''),
	(253, 'J23000139', 'f9', 'BUY', '#3876BF', 0, 1, 0, '2023-01-01 00:00:00', '', '2023-11-03 17:59:06', ''),
	(254, 'J23000139', 'f9', 'SELL', '#35A29F', 1, 1, 0, '2023-01-01 00:00:00', '', '2023-11-03 17:59:06', ''),
	(255, 'J23000139', 'f12', 'KEY LEVEL', '#F99417', 0, 1, 0, '2023-01-01 00:00:00', '', '2023-11-03 17:59:06', ''),
	(256, 'J23000139', 'f12', 'DOUBLE TOP', '#0802A3', 1, 1, 0, '2023-01-01 00:00:00', '', '2023-11-03 17:59:06', ''),
	(257, 'J23000139', 'f12', 'DOUBLE BOTTOM', '#940B92', 2, 1, 0, '2023-01-01 00:00:00', '', '2023-11-03 17:59:06', ''),
	(258, 'J23000139', 'f12', 'FIBONACCI 68%', '#8ECDDD', 3, 1, 0, '2023-01-01 00:00:00', '', '2023-11-03 17:59:06', ''),
	(259, 'J23000139', 'f12', 'SUPPLY DAN DEMAND', '#F4CE14', 4, 1, 0, '2023-01-01 00:00:00', '', '2023-11-03 17:59:06', ''),
	(260, 'J23000140', 'f8', 'AUDUSD', '#ED7D31', 0, 1, 0, '2023-01-01 00:00:00', '', '2023-11-12 13:18:47', ''),
	(261, 'J23000140', 'f8', 'EURUSD', '#3876BF', 1, 1, 0, '2023-01-01 00:00:00', '', '2023-11-12 13:18:47', ''),
	(262, 'J23000140', 'f8', 'GBPUSD', '#940B92', 2, 1, 0, '2023-01-01 00:00:00', '', '2023-11-12 13:18:47', ''),
	(263, 'J23000140', 'f8', 'NZDUSD', '#4D4C7D', 3, 1, 0, '2023-01-01 00:00:00', '', '2023-11-12 13:18:47', ''),
	(264, 'J23000140', 'f8', 'CADJPY', '#A2678A', 4, 1, 0, '2023-01-01 00:00:00', '', '2023-11-12 13:18:47', ''),
	(265, 'J23000140', 'f8', 'CHFJPY', '#BEADFA', 5, 1, 0, '2023-01-01 00:00:00', '', '2023-11-12 13:18:47', ''),
	(266, 'J23000140', 'f8', 'EURJPY', '#008170', 6, 1, 0, '2023-01-01 00:00:00', '', '2023-11-12 13:18:47', ''),
	(267, 'J23000140', 'f8', 'GBPJPY', '#FF4B91', 7, 1, 0, '2023-01-01 00:00:00', '', '2023-11-12 13:18:47', ''),
	(268, 'J23000140', 'f8', 'NZDJPY', '#EBE76C', 8, 1, 0, '2023-01-01 00:00:00', '', '2023-11-12 13:18:47', ''),
	(269, 'J23000140', 'f8', 'USDJPY', '#F1B4BB', 9, 1, 0, '2023-01-01 00:00:00', '', '2023-11-12 13:18:47', ''),
	(270, 'J23000140', 'f8', 'USDCAD', '#6499E9', 10, 1, 0, '2023-01-01 00:00:00', '', '2023-11-12 13:18:47', ''),
	(271, 'J23000140', 'f8', 'EURGBP', '#D83F31', 11, 1, 0, '2023-01-01 00:00:00', '', '2023-11-12 13:18:47', ''),
	(272, 'J23000140', 'f8', 'EURNZD', '#618264', 12, 1, 0, '2023-01-01 00:00:00', '', '2023-11-12 13:18:47', ''),
	(273, 'J23000140', 'f8', 'XAUUSD', '#F4CE14', 13, 1, 0, '2023-01-01 00:00:00', '', '2023-11-12 13:18:47', ''),
	(274, 'J23000140', 'f9', 'BUY', '#3876BF', 0, 1, 0, '2023-01-01 00:00:00', '', '2023-11-12 13:18:47', ''),
	(275, 'J23000140', 'f9', 'SELL', '#35A29F', 1, 1, 0, '2023-01-01 00:00:00', '', '2023-11-12 13:18:47', ''),
	(276, 'J23000140', 'f12', 'KEY LEVEL', '#F99417', 0, 1, 0, '2023-01-01 00:00:00', '', '2023-11-12 13:18:47', ''),
	(277, 'J23000140', 'f12', 'DOUBLE TOP', '#0802A3', 1, 1, 0, '2023-01-01 00:00:00', '', '2023-11-12 13:18:47', ''),
	(278, 'J23000140', 'f12', 'DOUBLE BOTTOM', '#940B92', 2, 1, 0, '2023-01-01 00:00:00', '', '2023-11-12 13:18:47', ''),
	(279, 'J23000140', 'f12', 'FIBONACCI 68%', '#8ECDDD', 3, 1, 0, '2023-01-01 00:00:00', '', '2023-11-12 13:18:47', ''),
	(280, 'J23000140', 'f12', 'SUPPLY DAN DEMAND', '#F4CE14', 4, 1, 0, '2023-01-01 00:00:00', '', '2023-11-12 13:18:47', ''),
	(281, 'J23000141', 'f8', 'AUDUSD', '#ED7D31', 0, 1, 0, '2023-01-01 00:00:00', '', '2023-11-14 18:00:36', ''),
	(282, 'J23000141', 'f8', 'EURUSD', '#3876BF', 1, 1, 0, '2023-01-01 00:00:00', '', '2023-11-14 18:00:36', ''),
	(283, 'J23000141', 'f8', 'GBPUSD', '#940B92', 2, 1, 0, '2023-01-01 00:00:00', '', '2023-11-14 18:00:36', ''),
	(284, 'J23000141', 'f8', 'NZDUSD', '#4D4C7D', 3, 1, 0, '2023-01-01 00:00:00', '', '2023-11-14 18:00:36', ''),
	(285, 'J23000141', 'f8', 'CADJPY', '#A2678A', 4, 1, 0, '2023-01-01 00:00:00', '', '2023-11-14 18:00:36', ''),
	(286, 'J23000141', 'f8', 'CHFJPY', '#BEADFA', 5, 1, 0, '2023-01-01 00:00:00', '', '2023-11-14 18:00:36', ''),
	(287, 'J23000141', 'f8', 'EURJPY', '#008170', 6, 1, 0, '2023-01-01 00:00:00', '', '2023-11-14 18:00:36', ''),
	(288, 'J23000141', 'f8', 'GBPJPY', '#FF4B91', 7, 1, 0, '2023-01-01 00:00:00', '', '2023-11-14 18:00:36', ''),
	(289, 'J23000141', 'f8', 'NZDJPY', '#EBE76C', 8, 1, 0, '2023-01-01 00:00:00', '', '2023-11-14 18:00:36', ''),
	(290, 'J23000141', 'f8', 'USDJPY', '#F1B4BB', 9, 1, 0, '2023-01-01 00:00:00', '', '2023-11-14 18:00:36', ''),
	(291, 'J23000141', 'f8', 'USDCAD', '#6499E9', 10, 1, 0, '2023-01-01 00:00:00', '', '2023-11-14 18:00:36', ''),
	(292, 'J23000141', 'f8', 'EURGBP', '#D83F31', 11, 1, 0, '2023-01-01 00:00:00', '', '2023-11-14 18:00:36', ''),
	(293, 'J23000141', 'f8', 'EURNZD', '#618264', 12, 1, 0, '2023-01-01 00:00:00', '', '2023-11-14 18:00:36', ''),
	(294, 'J23000141', 'f8', 'XAUUSD', '#F4CE14', 13, 1, 0, '2023-01-01 00:00:00', '', '2023-11-14 18:00:36', ''),
	(295, 'J23000141', 'f9', 'BUY', '#3876BF', 0, 1, 0, '2023-01-01 00:00:00', '', '2023-11-14 18:00:36', ''),
	(296, 'J23000141', 'f9', 'SELL', '#35A29F', 1, 1, 0, '2023-01-01 00:00:00', '', '2023-11-14 18:00:36', ''),
	(297, 'J23000141', 'f12', 'KEY LEVEL', '#F99417', 0, 1, 0, '2023-01-01 00:00:00', '', '2023-11-14 18:00:36', ''),
	(298, 'J23000141', 'f12', 'DOUBLE TOP', '#0802A3', 1, 1, 0, '2023-01-01 00:00:00', '', '2023-11-14 18:00:36', ''),
	(299, 'J23000141', 'f12', 'DOUBLE BOTTOM', '#940B92', 2, 1, 0, '2023-01-01 00:00:00', '', '2023-11-14 18:00:36', ''),
	(300, 'J23000141', 'f12', 'FIBONACCI 68%', '#8ECDDD', 3, 1, 0, '2023-01-01 00:00:00', '', '2023-11-14 18:00:36', ''),
	(301, 'J23000141', 'f12', 'SUPPLY DAN DEMAND', '#F4CE14', 4, 1, 0, '2023-01-01 00:00:00', '', '2023-11-14 18:00:36', '');

-- Dumping structure for table app1.mirrel.com.journal_table_view
CREATE TABLE IF NOT EXISTS `journal_table_view` (
  `id` int NOT NULL AUTO_INCREMENT,
  `journalId` varchar(50) COLLATE utf8mb4_general_ci NOT NULL DEFAULT '',
  `board` varchar(50) COLLATE utf8mb4_general_ci NOT NULL DEFAULT '',
  `name` varchar(50) CHARACTER SET utf8mb3 COLLATE utf8mb3_unicode_ci NOT NULL DEFAULT '',
  `ilock` int NOT NULL DEFAULT '1',
  `share` int NOT NULL DEFAULT '0',
  `presence` int NOT NULL DEFAULT '1',
  `input_date` datetime NOT NULL DEFAULT '2023-01-01 00:00:00',
  `input_by` varchar(50) COLLATE utf8mb4_general_ci NOT NULL DEFAULT '',
  `update_date` datetime NOT NULL DEFAULT '2023-01-01 00:00:00',
  `update_by` varchar(50) COLLATE utf8mb4_general_ci NOT NULL DEFAULT '',
  PRIMARY KEY (`id`)
) ENGINE=InnoDB AUTO_INCREMENT=48 DEFAULT CHARSET=utf8mb4 COLLATE=utf8mb4_general_ci;

-- Dumping data for table app1.mirrel.com.journal_table_view: ~21 rows (approximately)
INSERT INTO `journal_table_view` (`id`, `journalId`, `board`, `name`, `ilock`, `share`, `presence`, `input_date`, `input_by`, `update_date`, `update_by`) VALUES
	(27, 'J23000136', 'table', 'Master Table', 1, 0, 1, '2023-10-22 16:27:52', '231020.000013', '2023-10-22 16:27:52', '231020.000013'),
	(28, 'J23000136', 'table', 'Simple Backtest', 0, 0, 1, '2023-10-22 16:27:52', '231020.000013', '2023-01-01 00:00:00', ''),
	(29, 'J23000136', 'chart', 'Chart Profit', 0, 1, 1, '2023-10-22 16:27:52', '231020.000013', '2023-01-01 00:00:00', ''),
	(30, 'J23000137', 'table', 'Master Table', 1, 0, 1, '2023-10-24 07:47:06', '231020.000013', '2023-10-24 07:47:06', '231020.000013'),
	(31, 'J23000137', 'table', 'Simple Backtest', 0, 0, 1, '2023-10-24 07:47:06', '231020.000013', '2023-01-01 00:00:00', ''),
	(32, 'J23000137', 'chart', 'Chart Profit', 0, 1, 1, '2023-10-24 07:47:06', '231020.000013', '2023-01-01 00:00:00', ''),
	(33, 'J23000137', 'table', 'New table', 0, 1, 1, '2023-10-24 07:47:45', '231020.000013', '2023-01-01 00:00:00', ''),
	(34, 'J23000137', 'chart', 'New chart', 0, 1, 1, '2023-10-24 07:47:50', '231020.000013', '2023-01-01 00:00:00', ''),
	(35, 'J23000138', 'table', 'Master Table', 1, 0, 1, '2023-10-31 05:54:46', '231031.000015', '2023-10-31 05:54:46', '231031.000015'),
	(36, 'J23000138', 'table', 'Simple Backtest', 0, 0, 1, '2023-10-31 05:54:46', '231031.000015', '2023-01-01 00:00:00', ''),
	(37, 'J23000138', 'chart', 'Chart Profit', 0, 1, 1, '2023-10-31 05:54:46', '231031.000015', '2023-01-01 00:00:00', ''),
	(38, 'J23000139', 'table', 'Master Table', 1, 0, 1, '2023-11-03 17:59:06', '231020.000013', '2023-11-03 17:59:06', '231020.000013'),
	(39, 'J23000139', 'table', 'Simple Backtest', 0, 0, 1, '2023-11-03 17:59:06', '231020.000013', '2023-01-01 00:00:00', ''),
	(40, 'J23000139', 'chart', 'Chart Profit', 0, 1, 1, '2023-11-03 17:59:06', '231020.000013', '2023-01-01 00:00:00', ''),
	(41, 'J23000140', 'table', 'Master Table', 1, 0, 1, '2023-11-12 13:18:47', '231020.000013', '2023-11-12 13:18:47', '231020.000013'),
	(42, 'J23000140', 'table', 'Simple Backtest', 0, 0, 1, '2023-11-12 13:18:47', '231020.000013', '2023-01-01 00:00:00', ''),
	(43, 'J23000140', 'chart', 'Chart Profit', 0, 1, 1, '2023-11-12 13:18:47', '231020.000013', '2023-01-01 00:00:00', ''),
	(44, 'J23000140', 'sheet', 'New sheet', 0, 1, 0, '2023-11-12 19:06:52', '231020.000013', '2023-01-01 00:00:00', ''),
	(45, 'J23000141', 'table', 'Master Table', 1, 0, 1, '2023-11-14 18:00:36', '231020.000013', '2023-11-14 18:00:36', '231020.000013'),
	(46, 'J23000141', 'table', 'Simple Backtest', 0, 0, 1, '2023-11-14 18:00:36', '231020.000013', '2023-01-01 00:00:00', ''),
	(47, 'J23000141', 'chart', 'Chart Profit', 0, 1, 1, '2023-11-14 18:00:36', '231020.000013', '2023-01-01 00:00:00', '');

-- Dumping structure for table app1.mirrel.com.journal_table_view_filter
CREATE TABLE IF NOT EXISTS `journal_table_view_filter` (
  `id` int NOT NULL AUTO_INCREMENT,
  `journalId` varchar(50) COLLATE utf8mb4_general_ci NOT NULL DEFAULT '',
  `journalTableViewId` int NOT NULL DEFAULT '0',
  `journalCustomFieldId` int NOT NULL DEFAULT '0',
  `field` varchar(50) COLLATE utf8mb4_general_ci NOT NULL DEFAULT '',
  `selectId` varchar(50) COLLATE utf8mb4_general_ci NOT NULL DEFAULT '',
  `presence` int NOT NULL DEFAULT '1',
  `input_date` datetime NOT NULL DEFAULT '2023-01-01 00:00:00',
  `input_by` varchar(50) COLLATE utf8mb4_general_ci NOT NULL DEFAULT '',
  `update_date` datetime NOT NULL DEFAULT '2023-01-01 00:00:00',
  `update_by` varchar(50) COLLATE utf8mb4_general_ci NOT NULL DEFAULT '',
  PRIMARY KEY (`id`) USING BTREE
) ENGINE=InnoDB DEFAULT CHARSET=utf8mb4 COLLATE=utf8mb4_general_ci;

-- Dumping data for table app1.mirrel.com.journal_table_view_filter: ~0 rows (approximately)

-- Dumping structure for table app1.mirrel.com.journal_table_view_show
CREATE TABLE IF NOT EXISTS `journal_table_view_show` (
  `id` int NOT NULL AUTO_INCREMENT,
  `journalId` varchar(50) COLLATE utf8mb4_general_ci NOT NULL DEFAULT '',
  `journalTableViewId` int NOT NULL DEFAULT '0',
  `journalCustomFieldId` int NOT NULL DEFAULT '0',
  `hide` int NOT NULL DEFAULT '0',
  `presence` int NOT NULL DEFAULT '1',
  PRIMARY KEY (`id`)
) ENGINE=InnoDB AUTO_INCREMENT=231 DEFAULT CHARSET=utf8mb4 COLLATE=utf8mb4_general_ci;

-- Dumping data for table app1.mirrel.com.journal_table_view_show: ~104 rows (approximately)
INSERT INTO `journal_table_view_show` (`id`, `journalId`, `journalTableViewId`, `journalCustomFieldId`, `hide`, `presence`) VALUES
	(127, 'J23000136', 28, 130, 1, 1),
	(128, 'J23000136', 28, 131, 0, 1),
	(129, 'J23000136', 28, 132, 0, 1),
	(130, 'J23000136', 28, 133, 0, 1),
	(131, 'J23000136', 28, 134, 1, 1),
	(132, 'J23000136', 28, 135, 1, 1),
	(133, 'J23000136', 28, 136, 0, 1),
	(134, 'J23000136', 28, 137, 0, 1),
	(135, 'J23000136', 28, 138, 0, 1),
	(136, 'J23000136', 28, 139, 0, 1),
	(137, 'J23000136', 28, 140, 0, 1),
	(138, 'J23000136', 28, 141, 1, 1),
	(139, 'J23000136', 28, 142, 0, 1),
	(140, 'J23000136', 28, 143, 1, 1),
	(141, 'J23000136', 28, 144, 1, 1),
	(142, 'J23000136', 27, 144, 1, 1),
	(143, 'J23000136', 27, 142, 1, 1),
	(144, 'J23000137', 31, 146, 1, 1),
	(145, 'J23000137', 31, 147, 0, 1),
	(146, 'J23000137', 31, 148, 0, 1),
	(147, 'J23000137', 31, 149, 0, 1),
	(148, 'J23000137', 31, 150, 1, 1),
	(149, 'J23000137', 31, 151, 1, 1),
	(150, 'J23000137', 31, 152, 0, 1),
	(151, 'J23000137', 31, 153, 0, 1),
	(152, 'J23000137', 31, 154, 0, 1),
	(153, 'J23000137', 31, 155, 0, 1),
	(154, 'J23000137', 31, 156, 0, 1),
	(155, 'J23000137', 31, 157, 1, 1),
	(156, 'J23000137', 31, 158, 0, 1),
	(157, 'J23000137', 31, 159, 1, 1),
	(158, 'J23000137', 31, 160, 1, 1),
	(159, 'J23000138', 36, 161, 1, 1),
	(160, 'J23000138', 36, 162, 0, 1),
	(161, 'J23000138', 36, 163, 0, 1),
	(162, 'J23000138', 36, 164, 0, 1),
	(163, 'J23000138', 36, 165, 1, 1),
	(164, 'J23000138', 36, 166, 1, 1),
	(165, 'J23000138', 36, 167, 0, 1),
	(166, 'J23000138', 36, 168, 0, 1),
	(167, 'J23000138', 36, 169, 0, 1),
	(168, 'J23000138', 36, 170, 0, 1),
	(169, 'J23000138', 36, 171, 0, 1),
	(170, 'J23000138', 36, 172, 1, 1),
	(171, 'J23000138', 36, 173, 0, 1),
	(172, 'J23000138', 36, 174, 1, 1),
	(173, 'J23000138', 36, 175, 1, 1),
	(174, 'J23000139', 39, 176, 1, 1),
	(175, 'J23000139', 39, 177, 0, 1),
	(176, 'J23000139', 39, 178, 0, 1),
	(177, 'J23000139', 39, 179, 0, 1),
	(178, 'J23000139', 39, 180, 1, 1),
	(179, 'J23000139', 39, 181, 1, 1),
	(180, 'J23000139', 39, 182, 0, 1),
	(181, 'J23000139', 39, 183, 0, 1),
	(182, 'J23000139', 39, 184, 0, 1),
	(183, 'J23000139', 39, 185, 0, 1),
	(184, 'J23000139', 39, 186, 0, 1),
	(185, 'J23000139', 39, 187, 1, 1),
	(186, 'J23000139', 39, 188, 0, 1),
	(187, 'J23000139', 39, 189, 1, 1),
	(188, 'J23000139', 39, 190, 1, 1),
	(189, 'J23000139', 38, 176, 1, 1),
	(190, 'J23000140', 42, 191, 1, 1),
	(191, 'J23000140', 42, 192, 0, 1),
	(192, 'J23000140', 42, 193, 0, 1),
	(193, 'J23000140', 42, 194, 0, 1),
	(194, 'J23000140', 42, 195, 1, 1),
	(195, 'J23000140', 42, 196, 1, 1),
	(196, 'J23000140', 42, 197, 0, 1),
	(197, 'J23000140', 42, 198, 0, 1),
	(198, 'J23000140', 42, 199, 0, 1),
	(199, 'J23000140', 42, 200, 0, 1),
	(200, 'J23000140', 42, 201, 0, 1),
	(201, 'J23000140', 42, 202, 1, 1),
	(202, 'J23000140', 42, 203, 0, 1),
	(203, 'J23000140', 42, 204, 1, 1),
	(204, 'J23000140', 42, 205, 1, 1),
	(205, 'J23000140', 41, 192, 0, 1),
	(206, 'J23000140', 41, 191, 1, 1),
	(207, 'J23000140', 41, 205, 1, 1),
	(208, 'J23000140', 41, 204, 1, 1),
	(209, 'J23000140', 41, 203, 1, 1),
	(210, 'J23000140', 41, 202, 1, 1),
	(211, 'J23000141', 46, 206, 1, 1),
	(212, 'J23000141', 46, 207, 0, 1),
	(213, 'J23000141', 46, 208, 0, 1),
	(214, 'J23000141', 46, 209, 1, 1),
	(215, 'J23000141', 46, 210, 0, 1),
	(216, 'J23000141', 46, 211, 0, 1),
	(217, 'J23000141', 46, 212, 0, 1),
	(218, 'J23000141', 46, 213, 0, 1),
	(219, 'J23000141', 46, 214, 1, 1),
	(220, 'J23000141', 46, 215, 1, 1),
	(221, 'J23000141', 46, 216, 0, 1),
	(222, 'J23000141', 46, 217, 1, 1),
	(223, 'J23000141', 46, 218, 1, 1),
	(224, 'J23000141', 46, 219, 1, 1),
	(225, 'J23000141', 46, 220, 1, 1),
	(226, 'J23000141', 45, 206, 1, 1),
	(227, 'J23000141', 45, 220, 1, 1),
	(228, 'J23000141', 45, 219, 1, 1),
	(229, 'J23000141', 45, 218, 1, 1),
	(230, 'J23000141', 45, 217, 1, 1);

-- Dumping structure for table app1.mirrel.com.journal_token
CREATE TABLE IF NOT EXISTS `journal_token` (
  `id` int NOT NULL AUTO_INCREMENT,
  `token` varchar(50) COLLATE utf8mb4_general_ci DEFAULT NULL,
  `journalId` varchar(50) COLLATE utf8mb4_general_ci DEFAULT NULL,
  `journalTableViewId` varchar(50) COLLATE utf8mb4_general_ci DEFAULT NULL,
  `presence` int DEFAULT '1',
  `accountId` varchar(50) COLLATE utf8mb4_general_ci DEFAULT NULL,
  `input_date` datetime DEFAULT '2023-01-01 00:00:00',
  `update_date` datetime DEFAULT '2023-01-01 00:00:00',
  PRIMARY KEY (`id`)
) ENGINE=InnoDB DEFAULT CHARSET=utf8mb4 COLLATE=utf8mb4_general_ci;

-- Dumping data for table app1.mirrel.com.journal_token: ~0 rows (approximately)

-- Dumping structure for table app1.mirrel.com.permission
CREATE TABLE IF NOT EXISTS `permission` (
  `id` int NOT NULL AUTO_INCREMENT,
  `name` varchar(250) CHARACTER SET utf8mb3 COLLATE utf8mb3_unicode_ci NOT NULL,
  `fontIcon` varchar(250) NOT NULL,
  `private` int NOT NULL DEFAULT '0',
  `share` int NOT NULL DEFAULT '0',
  `comments` int NOT NULL DEFAULT '0',
  `note` text NOT NULL,
  PRIMARY KEY (`id`)
) ENGINE=InnoDB AUTO_INCREMENT=32 DEFAULT CHARSET=latin1;

-- Dumping data for table app1.mirrel.com.permission: ~2 rows (approximately)
INSERT INTO `permission` (`id`, `name`, `fontIcon`, `private`, `share`, `comments`, `note`) VALUES
	(1, 'Private', '<i class="bi bi-lock"></i>', 1, 0, 0, ''),
	(20, 'Share', '<i class="bi bi-link-45deg"></i>', 0, 1, 0, '');

-- Dumping structure for table app1.mirrel.com.plans
CREATE TABLE IF NOT EXISTS `plans` (
  `id` int NOT NULL AUTO_INCREMENT,
  `name` varchar(250) COLLATE utf8mb4_general_ci DEFAULT NULL,
  `maxRow` int DEFAULT '120',
  `verifiedBadge` int DEFAULT '0',
  `icon` varchar(250) COLLATE utf8mb4_general_ci DEFAULT NULL,
  `description` varchar(250) COLLATE utf8mb4_general_ci DEFAULT NULL,
  PRIMARY KEY (`id`)
) ENGINE=InnoDB AUTO_INCREMENT=32 DEFAULT CHARSET=utf8mb4 COLLATE=utf8mb4_general_ci;

-- Dumping data for table app1.mirrel.com.plans: ~3 rows (approximately)
INSERT INTO `plans` (`id`, `name`, `maxRow`, `verifiedBadge`, `icon`, `description`) VALUES
	(1, 'Personal', 100, 0, NULL, NULL),
	(20, 'Pro', 1020, 1, 'verified-badge-pro.png', NULL),
	(30, 'Business', 5020, 1, 'verified-badge-master.png', NULL);

-- Dumping structure for table app1.mirrel.com.template
CREATE TABLE IF NOT EXISTS `template` (
  `id` int NOT NULL AUTO_INCREMENT,
  `name` varchar(50) COLLATE utf8mb4_general_ci DEFAULT NULL,
  `code` varchar(50) COLLATE utf8mb4_general_ci DEFAULT NULL,
  `presence` int DEFAULT '1',
  `path` varchar(250) COLLATE utf8mb4_general_ci DEFAULT NULL,
  PRIMARY KEY (`id`)
) ENGINE=InnoDB AUTO_INCREMENT=1004 DEFAULT CHARSET=utf8mb4 COLLATE=utf8mb4_general_ci;

-- Dumping data for table app1.mirrel.com.template: ~3 rows (approximately)
INSERT INTO `template` (`id`, `name`, `code`, `presence`, `path`) VALUES
	(10, 'Backtest', 'backtest', 0, './template/master/backtest.json'),
	(100, 'Journal FX Trading', 'journalFXTrading', 1, './template/master/journalFXTrading.json'),
	(101, 'TV Account History', 'TVaccountHistory', 0, './template/master/TVaccountHistory.json');

-- Dumping structure for table app1.mirrel.com.upload_history
CREATE TABLE IF NOT EXISTS `upload_history` (
  `id` int NOT NULL AUTO_INCREMENT,
  `journalId` varchar(50) COLLATE utf8mb4_general_ci NOT NULL,
  `template` varchar(50) COLLATE utf8mb4_general_ci NOT NULL,
  `accountId` varchar(50) COLLATE utf8mb4_general_ci NOT NULL,
  `total` int NOT NULL DEFAULT '0',
  `path` varchar(250) COLLATE utf8mb4_general_ci NOT NULL,
  `files` varchar(250) COLLATE utf8mb4_general_ci NOT NULL,
  `input_date` datetime NOT NULL DEFAULT '2023-01-01 00:00:00',
  `exp_date` datetime NOT NULL DEFAULT '2024-01-01 00:00:00',
  PRIMARY KEY (`id`)
) ENGINE=InnoDB AUTO_INCREMENT=52 DEFAULT CHARSET=utf8mb4 COLLATE=utf8mb4_general_ci;

-- Dumping data for table app1.mirrel.com.upload_history: ~0 rows (approximately)

/*!40103 SET TIME_ZONE=IFNULL(@OLD_TIME_ZONE, 'system') */;
/*!40101 SET SQL_MODE=IFNULL(@OLD_SQL_MODE, '') */;
/*!40014 SET FOREIGN_KEY_CHECKS=IFNULL(@OLD_FOREIGN_KEY_CHECKS, 1) */;
/*!40101 SET CHARACTER_SET_CLIENT=@OLD_CHARACTER_SET_CLIENT */;
/*!40111 SET SQL_NOTES=IFNULL(@OLD_SQL_NOTES, 1) */;
